X Position, Y Position, Z Position, X Velocity, Y Velocity, Z Velocity
4.75, 0, 0.5, -0.127275, 3.67068, 6.94289
4.75, 0.25, 0.5, -0.126489, 3.42198, 6.93727
4.75, 0.5, 0.5, -0.127351, 3.21771, 6.87586
4.75, 0.75, 0.5, -0.125399, 2.94432, 6.91108
4.75, 1, 0.5, -0.122834, 2.66458, 6.97438
4.75, 1.25, 0.5, -0.131283, 2.61327, 6.63325
4.75, 1.5, 0.5, -0.134913, 2.44443, 6.48942
4.75, 1.75, 0.5, -0.138129, 2.25587, 6.36209
4.75, 2, 0.5, -0.143405, 2.08576, 6.19529
4.75, 2.25, 0.5, -0.139346, 1.77772, 6.25396
4.75, 2.5, 0.5, -0.137724, 1.51091, 6.24238
4.75, 2.75, 0.5, -0.145985, 1.34067, 6.0397
4.75, 3, 0.5, -0.146817, 1.08595, 5.99556
4.75, 3.25, 0.5, -0.179273, 1.00566, 5.79328
4.75, 3.5, 0.5, -0.357881, 1.36806, 7.14874
4.75, 4.5, 0.5, -0.511868, -1.70212, 9.35617
4.75, 4.75, 0.5, -0.193942, -0.991491, 5.72959
4.75, 5, 0.5, -0.150743, -1.04002, 5.95846
4.75, 5.25, 0.5, -0.143738, -1.24855, 6.07146
4.75, 5.5, 0.5, -0.137157, -1.43649, 6.2413
4.75, 5.75, 0.5, -0.13867, -1.70013, 6.25277
4.75, 6, 0.5, -0.141518, -1.98794, 6.22958
4.75, 6.25, 0.5, -0.137633, -2.17931, 6.36074
4.75, 6.5, 0.5, -0.135813, -2.39319, 6.45024
4.75, 6.75, 0.5, -0.133981, -2.60033, 6.54201
4.75, 7, 0.5, -0.122573, -2.59796, 6.97296
4.75, 7.25, 0.5, -0.126707, -2.912, 6.85541
4.75, 7.5, 0.5, -0.124962, -3.09521, 6.95634
4.75, 7.75, 0.5, -0.127872, -3.3958, 6.88002
4.75, 8, 0.5, -0.12923, -3.66279, 6.85992
5, 0, 0.5, -0.340391, 3.52246, 7.15084
5, 0.25, 0.5, -0.349843, 3.39595, 6.97877
5, 0.5, 0.5, -0.349043, 3.16439, 6.95772
5, 0.75, 0.5, -0.346642, 2.92036, 6.95349
5, 1, 0.5, -0.341404, 2.65732, 6.98964
5, 1.25, 0.5, -0.369397, 2.63835, 6.59521
5, 1.5, 0.5, -0.374831, 2.43683, 6.50097
5, 1.75, 0.5, -0.393021, 2.30308, 6.28951
5, 2, 0.5, -0.390589, 2.03839, 6.27596
5, 2.25, 0.5, -0.383209, 1.75416, 6.29883
5, 2.5, 0.5, -0.394795, 1.55406, 6.16567
5, 2.75, 0.5, -0.386198, 1.27259, 6.19093
5, 3, 0.5, -0.409097, 1.08574, 5.99939
5, 3.25, 0.5, -0.45986, 0.925605, 5.86012
5, 3.5, 0.5, -0.588448, 0.80712, 5.6648
5, 3.75, 0.5, -1.42609, 1.04164, 9.35485
5, 4.25, 0.5, -2.1111, -1.16525, 13.2436
5, 4.5, 0.5, -1.05415, -1.25776, 7.25718
5, 4.75, 0.5, -0.491556, -0.901683, 5.82421
5, 5, 0.5, -0.40904, -1.01259, 5.99599
5, 5.25, 0.5, -0.400393, -1.24791, 6.0771
5, 5.5, 0.5, -0.393093, -1.47721, 6.1653
5, 5.75, 0.5, -0.391356, -1.72161, 6.2179
5, 6, 0.5, -0.394849, -1.99016, 6.22989
5, 6.25, 0.5, -0.387955, -2.20416, 6.32516
5, 6.5, 0.5, -0.379053, -2.39663, 6.45037
5, 6.75, 0.5, -0.370255, -2.57841, 6.58092
5, 7, 0.5, -0.334899, -2.54693, 7.07182
5, 7.25, 0.5, -0.353464, -2.91475, 6.85531
5, 7.5, 0.5, -0.357389, -3.17627, 6.8344
5, 7.75, 0.5, -0.346197, -3.29878, 7.01872
5, 8, 0.5, -0.351152, -3.57115, 6.98299
5.25, 0, 0.5, -0.552331, 3.48264, 7.21111
5.25, 0.25, 0.5, -0.58425, 3.45564, 6.89761
5.25, 0.5, 0.5, -0.573212, 3.16641, 6.95949
5.25, 0.75, 0.5, -0.579482, 2.97465, 6.87144
5.25, 1, 0.5, -0.556083, 2.63728, 7.0319
5.25, 1.25, 0.5, -0.558903, 2.4323, 6.97107
5.25, 1.5, 0.5, -0.616069, 2.44039, 6.50284
5.25, 1.75, 0.5, -0.618775, 2.20936, 6.44853
5.25, 2, 0.5, -0.64261, 2.04341, 6.27726
5.25, 2.25, 0.5, -0.647299, 1.80543, 6.21981
5.25, 2.5, 0.5, -0.641492, 1.53861, 6.20872
5.25, 2.75, 0.5, -0.644911, 1.29485, 6.15751
5.25, 3, 0.5, -0.664288, 1.07423, 6.03873
5.25, 3.25, 0.5, -0.680514, 0.8346, 5.96269
5.25, 3.5, 0.5, -0.788266, 0.658786, 5.82615
5.25, 3.75, 0.5, -0.9178, 0.408471, 5.69733
5.25, 4, 0.5, -0.992126, 0.0539398, 5.63493
5.25, 4.25, 0.5, -0.946885, -0.318455, 5.66562
5.25, 4.5, 0.5, -0.82599, -0.600499, 5.79154
5.25, 4.75, 0.5, -0.697102, -0.779144, 5.92779
5.25, 5, 0.5, -0.664257, -1.00195, 6.03481
5.25, 5.25, 0.5, -0.651911, -1.23802, 6.11678
5.25, 5.5, 0.5, -0.638886, -1.46289, 6.20786
5.25, 5.75, 0.5, -0.629471, -1.68726, 6.2986
5.25, 6, 0.5, -0.640888, -1.96825, 6.27582
5.25, 6.25, 0.5, -0.632298, -2.18889, 6.3623
5.25, 6.5, 0.5, -0.609001, -2.34617, 6.53891
5.25, 6.75, 0.5, -0.600523, -2.54813, 6.6339
5.25, 7, 0.5, -0.566829, -2.62661, 6.933
5.25, 7.25, 0.5, -0.573268, -2.88041, 6.91188
5.25, 7.5, 0.5, -0.577025, -3.12473, 6.91648
5.25, 7.75, 0.5, -0.601432, -3.49187, 6.75989
5.25, 8, 0.5, -0.562557, -3.48594, 7.10847
5.5, 0, 0.5, -0.768884, 3.48611, 7.21216
5.5, 0.25, 0.5, -0.780056, 3.31762, 7.10612
5.5, 0.5, 0.5, -0.811902, 3.22497, 6.87838
5.5, 0.75, 0.5, -0.807168, 2.97941, 6.87315
5.5, 1, 0.5, -0.787783, 2.68654, 6.9502
5.5, 1.25, 0.5, -0.77893, 2.43753, 6.97173
5.5, 1.5, 0.5, -0.843051, 2.40135, 6.58088
5.5, 1.75, 0.5, -0.863701, 2.21753, 6.44958
5.5, 2, 0.5, -0.875492, 2.00185, 6.36079
5.5, 2.25, 0.5, -0.892151, 1.7893, 6.26554
5.5, 2.5, 0.5, -0.894327, 1.54243, 6.21787
5.5, 2.75, 0.5, -0.891179, 1.28664, 6.20025
5.5, 3, 0.5, -0.882357, 1.02602, 6.19132
5.5, 3.25, 0.5, -0.925096, 0.815829, 6.03482
5.5, 3.5, 0.5, -0.933341, 0.560896, 5.99553
5.5, 3.75, 0.5, -0.995016, 0.31843, 5.92355
5.5, 4, 0.5, -1.0331, 0.0403884, 5.86208
5.5, 4.25, 0.5, -1.01021, -0.244306, 5.89294
5.5, 4.5, 0.5, -0.93678, -0.489717, 5.99328
5.5, 4.75, 0.5, -0.922668, -0.741546, 6.03463
5.5, 5, 0.5, -0.926578, -1.00499, 6.04406
5.5, 5.25, 0.5, -0.874063, -1.19358, 6.24242
5.5, 5.5, 0.5, -0.873377, -1.43801, 6.2882
5.5, 5.75, 0.5, -0.911862, -1.75754, 6.18551
5.5, 6, 0.5, -0.885686, -1.9559, 6.31325
5.5, 6.25, 0.5, -0.86099, -2.14324, 6.44891
5.5, 6.5, 0.5, -0.848893, -2.35161, 6.54055
5.5, 6.75, 0.5, -0.776931, -2.37053, 6.97146
5.5, 7, 0.5, -0.773618, -2.57775, 7.03189
5.5, 7.25, 0.5, -0.805669, -2.91088, 6.87172
5.5, 7.5, 0.5, -0.825079, -3.2128, 6.79552
5.5, 7.75, 0.5, -0.791762, -3.3055, 7.02052
5.5, 8, 0.5, -0.777098, -3.46259, 7.15164
5.75, 0, 0.5, -0.904386, 3.20116, 7.712
5.75, 0.25, 0.5, -1.00103, 3.3237, 7.10704
5.75, 0.5, 0.5, -1.07927, 3.34679, 6.71999
5.75, 0.75, 0.5, -1.00994, 2.91028, 6.99776
5.75, 1, 0.5, -1.03352, 2.75156, 6.8554
5.75, 1.25, 0.5, -0.979712, 2.39345, 7.07259
5.75, 1.5, 0.5, -1.06888, 2.37686, 6.63353
5.75, 1.75, 0.5, -1.10014, 2.20509, 6.48967
5.75, 2, 0.5, -1.12703, 2.01182, 6.36318
5.75, 2.25, 0.5, -1.15616, 1.81025, 6.24083
5.75, 2.5, 0.5, -1.13714, 1.53108, 6.26463
5.75, 2.75, 0.5, -1.11839, 1.26055, 6.28911
5.75, 3, 0.5, -1.12293, 1.01939, 6.24257
5.75, 3.25, 0.5, -1.16199, 0.799998, 6.11637
5.75, 3.5, 0.5, -1.20076, 0.563342, 6.00684
5.75, 3.75, 0.5, -1.185, 0.296057, 6.03441
5.75, 4, 0.5, -1.1806, 0.0360323, 6.03427
5.75, 4.25, 0.5, -1.1826, -0.223271, 6.03502
5.75, 4.5, 0.5, -1.18405, -0.483227, 6.03952
5.75, 4.75, 0.5, -1.1402, -0.715398, 6.15623
5.75, 5, 0.5, -1.13628, -0.962143, 6.19939
5.75, 5.25, 0.5, -1.1437, -1.21926, 6.20849
5.75, 5.5, 0.5, -1.1626, -1.49439, 6.18417
5.75, 5.75, 0.5, -1.1413, -1.71731, 6.27569
5.75, 6, 0.5, -1.13521, -1.95713, 6.32499
5.75, 6.25, 0.5, -1.11875, -2.17411, 6.41283
5.75, 6.5, 0.5, -1.09167, -2.36091, 6.5424
5.75, 6.75, 0.5, -0.990226, -2.35869, 7.01404
5.75, 7, 0.5, -1.00998, -2.62726, 6.95044
5.75, 7.25, 0.5, -1.04276, -2.94121, 6.83327
5.75, 7.5, 0.5, -1.0778, -3.27643, 6.71732
5.75, 7.75, 0.5, -0.999147, -3.25646, 7.10605
5.75, 8, 0.5, -0.992564, -3.45269, 7.16935
6, 0, 0.5, -1.08087, 3.13769, 7.84974
6, 0.25, 0.5, -1.19856, 3.26377, 7.20947
6, 0.5, 0.5, -1.24668, 3.17056, 6.97825
6, 0.75, 0.5, -1.27672, 3.01732, 6.83657
6, 1, 0.5, -1.26889, 2.77056, 6.83173
6, 1.25, 0.5, -1.20833, 2.421, 7.03265
6, 1.5, 0.5, -1.18044, 2.1528, 7.11263
6, 1.75, 0.5, -1.31679, 2.1646, 6.5802
6, 2, 0.5, -1.34913, 1.9751, 6.45062
6, 2.25, 0.5, -1.37058, 1.75998, 6.36116
6, 2.5, 0.5, -1.39215, 1.53727, 6.27539
6, 2.75, 0.5, -1.40589, 1.29957, 6.22028
6, 3, 0.5, -1.37962, 1.02714, 6.25314
6, 3.25, 0.5, -1.38745, 0.783404, 6.20777
6, 3.5, 0.5, -1.39855, 0.538119, 6.16436
6, 3.75, 0.5, -1.39788, 0.286424, 6.15697
6, 4, 0.5, -1.36087, 0.0340633, 6.23288
6, 4.25, 0.5, -1.39788, -0.216446, 6.15712
6, 4.5, 0.5, -1.2967, -0.434017, 6.40474
6, 4.75, 0.5, -1.39097, -0.71576, 6.20052
6, 5, 0.5, -1.37601, -0.955561, 6.25215
6, 5.25, 0.5, -1.40284, -1.22652, 6.21881
6, 5.5, 0.5, -1.37484, -1.44934, 6.31121
6, 5.75, 0.5, -1.38647, -1.71098, 6.31402
6, 6, 0.5, -1.35963, -1.92241, 6.41192
6, 6.25, 0.5, -1.33813, -2.1327, 6.5023
6, 6.5, 0.5, -1.19287, -2.11575, 7.05392
6, 6.75, 0.5, -1.2214, -2.38604, 6.97407
6, 7, 0.5, -1.24517, -2.65645, 6.9116
6, 7.25, 0.5, -1.28622, -2.97537, 6.79433
6, 7.5, 0.5, -1.25527, -3.12957, 6.93627
6, 7.75, 0.5, -1.28393, -3.43196, 6.85993
6, 8, 0.5, -1.0951, -3.12419, 7.75714
6.25, 0, 0.5, -1.29571, 3.18794, 7.76115
6.25, 0.25, 0.5, -1.41657, 3.26935, 7.2122
6.25, 0.5, 0.5, -1.51291, 3.26107, 6.8582
6.25, 0.75, 0.5, -1.51026, 3.02512, 6.83836
6.25, 1, 0.5, -1.48867, 2.75493, 6.87409
6.25, 1.25, 0.5, -1.48574, 2.523, 6.85513
6.25, 1.5, 0.5, -1.39848, 2.16162, 7.11487
6.25, 1.75, 0.5, -1.55361, 2.16456, 6.59521
6.25, 2, 0.5, -1.5787, 1.95885, 6.50228
6.25, 2.25, 0.5, -1.58913, 1.72953, 6.44975
6.25, 2.5, 0.5, -1.63156, 1.52698, 6.32509
6.25, 2.75, 0.5, -1.65974, 1.30033, 6.24005
6.25, 3, 0.5, -1.65605, 1.04498, 6.22909
6.25, 3.25, 0.5, -1.63489, 0.782392, 6.25458
6.25, 3.5, 0.5, -1.60974, 0.524956, 6.28919
6.25, 3.75, 0.5, -1.64414, 0.285526, 6.20874
6.25, 4, 0.5, -1.60222, 0.0339906, 6.28731
6.25, 4.25, 0.5, -1.64424, -0.21578, 6.20831
6.25, 4.5, 0.5, -1.64931, -0.467881, 6.20949
6.25, 4.75, 0.5, -1.63207, -0.711794, 6.25375
6.25, 5, 0.5, -1.63504, -0.962351, 6.26405
6.25, 5.25, 0.5, -1.64686, -1.22037, 6.26607
6.25, 5.5, 0.5, -1.63596, -1.46169, 6.31358
6.25, 5.75, 0.5, -1.6013, -1.67484, 6.41161
6.25, 6, 0.5, -1.57615, -1.88882, 6.5009
6.25, 6.25, 0.5, -1.57204, -2.12354, 6.54359
6.25, 6.5, 0.5, -1.41968, -2.13416, 7.02941
6.25, 6.75, 0.5, -1.45289, -2.40558, 6.95038
6.25, 7, 0.5, -1.48636, -2.68759, 6.87326
6.25, 7.25, 0.5, -1.49546, -2.93203, 6.87753
6.25, 7.5, 0.5, -1.51073, -3.19226, 6.85663
6.25, 7.75, 0.5, -1.43201, -3.24424, 7.1515
6.25, 8, 0.5, -1.27634, -3.08613, 7.84979
6.5, 0, 0.5, -1.51782, 3.24043, 7.67368
6.5, 0.25, 0.5, -1.47942, 2.96275, 7.80305
6.5, 0.5, 0.5, -1.64837, 3.08305, 7.15032
6.5, 0.75, 0.5, -1.70914, 2.97062, 6.93757
6.5, 1, 0.5, -1.75148, 2.81252, 6.79608
6.5, 1.25, 0.5, -1.71187, 2.52246, 6.87276
6.5, 1.5, 0.5, -1.6731, 2.24402, 6.95065
6.5, 1.75, 0.5, -1.64278, 1.98604, 7.0144
6.5, 2, 0.5, -1.77268, 1.90858, 6.63308
6.5, 2.25, 0.5, -1.80217, 1.70194, 6.53982
6.5, 2.5, 0.5, -1.85042, 1.50273, 6.41248
6.5, 2.75, 0.5, -1.8656, 1.26827, 6.36151
6.5, 3, 0.5, -1.90083, 1.04077, 6.27714
6.5, 3.25, 0.5, -1.91877, 0.796779, 6.23023
6.5, 3.5, 0.5, -1.92976, 0.546068, 6.1941
6.5, 3.75, 0.5, -1.88524, 0.284088, 6.26406
6.5, 4, 0.5, -1.9112, 0.0351822, 6.21969
6.5, 4.25, 0.5, -1.88542, -0.2147, 6.26417
6.5, 4.5, 0.5, -1.93781, -0.477004, 6.18527
6.5, 4.75, 0.5, -1.93546, -0.732451, 6.19489
6.5, 5, 0.5, -1.9172, -0.979154, 6.2404
6.5, 5.25, 0.5, -1.88107, -1.20953, 6.32417
6.5, 5.5, 0.5, -1.84654, -1.4316, 6.41142
6.5, 5.75, 0.5, -1.81605, -1.64819, 6.50131
6.5, 6, 0.5, -1.79281, -1.86425, 6.58114
6.5, 6.25, 0.5, -1.59319, -1.86743, 7.15488
6.5, 6.5, 0.5, -1.64276, -2.14284, 7.03254
6.5, 6.75, 0.5, -1.68083, -2.41485, 6.95313
6.5, 7, 0.5, -1.73367, -2.7201, 6.83546
6.5, 7.25, 0.5, -1.7069, -2.90387, 6.93539
6.5, 7.5, 0.5, -1.68651, -3.09228, 7.02346
6.5, 7.75, 0.5, -1.63456, -3.21325, 7.21207
6.5, 8, 0.5, -1.49417, -3.13493, 7.76153
6.75, 0, 0.5, -1.72238, 3.24756, 7.67576
6.75, 0.25, 0.5, -1.69106, 2.99094, 7.76041
6.75, 0.5, 0.5, -1.84869, 3.05375, 7.21186
6.75, 0.75, 0.5, -1.89327, 2.9062, 7.06386
6.75, 1, 0.5, -2.00858, 2.84855, 6.75849
6.75, 1.25, 0.5, -1.98087, 2.57783, 6.79458
6.75, 1.5, 0.5, -1.95319, 2.31362, 6.83021
6.75, 1.75, 0.5, -1.91643, 2.04619, 6.89383
6.75, 2, 0.5, -1.85197, 1.761, 7.02935
6.75, 2.25, 0.5, -2.02655, 1.69025, 6.59484
6.75, 2.5, 0.5, -2.04314, 1.46539, 6.54095
6.75, 2.75, 0.5, -2.07956, 1.24856, 6.45076
6.75, 3, 0.5, -2.09058, 1.01094, 6.41086
6.75, 3.25, 0.5, -2.07027, 0.759253, 6.43657
6.75, 3.5, 0.5, -2.13446, 0.53343, 6.31404
6.75, 3.75, 0.5, -2.12976, 0.283441, 6.31331
6.75, 4, 0.5, -2.14949, 0.0349459, 6.27684
6.75, 4.25, 0.5, -2.1089, -0.212092, 6.34932
6.75, 4.5, 0.5, -2.10347, -0.45729, 6.36049
6.75, 4.75, 0.5, -2.1513, -0.71902, 6.28894
6.75, 5, 0.5, -2.11806, -0.955359, 6.36258
6.75, 5.25, 0.5, -2.07671, -1.17932, 6.45063
6.75, 5.5, 0.5, -2.05956, -1.4102, 6.50198
6.75, 5.75, 0.5, -2.00407, -1.60634, 6.63285
6.75, 6, 0.5, -1.834, -1.68429, 7.06978
6.75, 6.25, 0.5, -1.87395, -1.9399, 6.98985
6.75, 6.5, 0.5, -1.91618, -2.20748, 6.91102
6.75, 6.75, 0.5, -1.92707, -2.44516, 6.91471
6.75, 7, 0.5, -2.00566, -2.7792, 6.75729
6.75, 7.25, 0.5, -1.92257, -2.88867, 6.98011
6.75, 7.5, 0.5, -1.84705, -2.99099, 7.21032
6.75, 7.75, 0.5, -1.66534, -2.8913, 7.84968
6.75, 8, 0.5, -1.70851, -3.16584, 7.71845
7, 0, 0.5, -1.98674, 3.35415, 7.50132
7, 0.25, 0.5, -1.93415, 3.06304, 7.62894
7, 0.5, 0.5, -1.85904, 2.74962, 7.84879
7, 0.75, 0.5, -2.08612, 2.86726, 7.15158
7, 1, 0.5, -2.14733, 2.72676, 6.98004
7, 1.25, 0.5, -2.1828, 2.54347, 6.87877
7, 1.5, 0.5, -2.17167, 2.30333, 6.87528
7, 1.75, 0.5, -2.12465, 2.03121, 6.95345
7, 2, 0.5, -2.14087, 1.82276, 6.89398
7, 2.25, 0.5, -2.05252, 1.53284, 7.0721
7, 2.5, 0.5, -2.04307, 1.31206, 7.06958
7, 2.75, 0.5, -2.28746, 1.22972, 6.54234
7, 3, 0.5, -2.27952, 0.986996, 6.54038
7, 3.25, 0.5, -2.30206, 0.755945, 6.48886
7, 3.5, 0.5, -2.34058, 0.523754, 6.41249
7, 3.75, 0.5, -2.33769, 0.278569, 6.41131
7, 4, 0.5, -2.33624, 0.0340089, 6.41154
7, 4.25, 0.5, -2.33701, -0.210447, 6.41125
7, 4.5, 0.5, -2.33968, -0.455435, 6.41208
7, 4.75, 0.5, -2.32331, -0.695282, 6.45038
7, 5, 0.5, -2.29768, -0.927964, 6.50159
7, 5.25, 0.5, -2.26356, -1.15097, 6.58019
7, 5.5, 0.5, -2.2439, -1.3757, 6.63409
7, 5.75, 0.5, -2.07591, -1.48986, 7.01409
7, 6, 0.5, -2.07735, -1.7082, 7.03189
7, 6.25, 0.5, -2.14072, -1.98424, 6.91092
7, 6.5, 0.5, -2.20694, -2.27648, 6.79338
7, 6.75, 0.5, -2.16118, -2.45536, 6.91853
7, 7, 0.5, -2.12567, -2.63737, 7.02033
7, 7.25, 0.5, -2.08349, -2.80298, 7.15057
7, 7.5, 0.5, -1.86932, -2.7104, 7.80308
7, 7.75, 0.5, -1.87793, -2.91933, 7.80666
7, 8, 0.5, -1.92604, -3.1956, 7.67768
7.25, 0, 0.5, -2.16674, 3.31161, 7.59284
7.25, 0.25, 0.5, -2.14247, 3.07163, 7.63271
7.25, 0.5, 0.5, -2.07427, 2.77742, 7.80698
7.25, 0.75, 0.5, -2.06576, 2.5704, 7.80218
7.25, 1, 0.5, -2.32114, 2.66835, 7.10906
7.25, 1.25, 0.5, -2.41107, 2.5434, 6.89747
7.25, 1.5, 0.5, -2.47388, 2.37538, 6.75838
7.25, 1.75, 0.5, -2.40014, 2.07728, 6.87489
7.25, 2, 0.5, -2.3898, 1.84202, 6.87112
7.25, 2.25, 0.5, -2.33869, 1.58115, 6.95064
7.25, 2.5, 0.5, -2.32001, 1.34881, 6.97415
7.25, 2.75, 0.5, -2.29247, 1.1157, 7.01347
7.25, 3, 0.5, -2.285, 0.895674, 7.01222
7.25, 3.25, 0.5, -2.53032, 0.752214, 6.54306
7.25, 3.5, 0.5, -2.50275, 0.507006, 6.58058
7.25, 3.75, 0.5, -2.47515, 0.267017, 6.61912
7.25, 4, 0.5, -2.54517, 0.0335416, 6.50282
7.25, 4.25, 0.5, -2.54475, -0.207453, 6.50349
7.25, 4.5, 0.5, -2.52357, -0.44471, 6.54177
7.25, 4.75, 0.5, -2.52971, -0.685358, 6.54281
7.25, 5, 0.5, -2.50204, -0.914806, 6.59472
7.25, 5.25, 0.5, -2.29042, -1.05434, 7.01347
7.25, 5.5, 0.5, -2.25245, -1.25016, 7.11438
7.25, 5.75, 0.5, -2.34532, -1.52381, 6.93518
7.25, 6, 0.5, -2.36575, -1.76113, 6.91158
7.25, 6.25, 0.5, -2.39714, -2.0115, 6.87351
7.25, 6.5, 0.5, -2.40695, -2.24767, 6.87738
7.25, 6.75, 0.5, -2.38765, -2.45576, 6.93664
7.25, 7, 0.5, -2.39728, -2.69269, 6.94196
7.25, 7.25, 0.5, -2.26401, -2.7574, 7.25515
7.25, 7.5, 0.5, -2.08653, -2.73884, 7.76066
7.25, 7.75, 0.5, -2.15636, -3.03471, 7.58593
7.25, 8, 0.5, -2.18119, -3.27621, 7.54661
7.5, 0, 0.5, -2.43233, 3.39594, 7.46459
7.5, 0.25, 0.5, -2.36922, 3.10288, 7.59137
7.5, 0.5, 0.5, -2.34315, 2.86603, 7.63156
7.5, 0.75, 0.5, -2.28397, 2.59607, 7.7611
7.5, 1, 0.5, -2.27634, 2.39047, 7.757
7.5, 1.25, 0.5, -2.5405, 2.4481, 7.10889
7.5, 1.5, 0.5, -2.63882, 2.31456, 6.89777
7.5, 1.75, 0.5, -2.58419, 2.04309, 6.97618
7.5, 2, 0.5, -2.65313, 1.86808, 6.83482
7.5, 2.25, 0.5, -2.5985, 1.60482, 6.9137
7.5, 2.5, 0.5, -2.58956, 1.37528, 6.91116
7.5, 2.75, 0.5, -2.55824, 1.13734, 6.9502
7.5, 3, 0.5, -2.54062, 0.909725, 6.97456
7.5, 3.25, 0.5, -2.48398, 0.674556, 7.07184
7.5, 3.5, 0.5, -2.50977, 0.464444, 7.01405
7.5, 3.75, 0.5, -2.52675, 0.249003, 6.97186
7.5, 4, 0.5, -2.4555, 0.0295605, 7.11218
7.5, 4.25, 0.5, -2.47502, -0.184314, 7.07012
7.5, 4.5, 0.5, -2.52985, -0.40725, 6.97184
7.5, 4.75, 0.5, -2.53369, -0.627053, 6.97275
7.5, 5, 0.5, -2.53936, -0.848133, 6.97449
7.5, 5.25, 0.5, -2.58851, -1.08848, 6.89449
7.5, 5.5, 0.5, -2.61871, -1.32772, 6.85539
7.5, 5.75, 0.5, -2.61798, -1.55382, 6.87176
7.5, 6, 0.5, -2.62761, -1.78684, 6.87507
7.5, 6.25, 0.5, -2.63743, -2.02168, 6.87771
7.5, 6.5, 0.5, -2.59213, -2.2112, 6.97882
7.5, 6.75, 0.5, -2.69393, -2.53109, 6.81938
7.5, 7, 0.5, -2.49806, -2.56316, 7.21198
7.5, 7.25, 0.5, -2.29891, -2.55769, 7.71487
7.5, 7.5, 0.5, -2.30781, -2.76724, 7.71906
7.5, 7.75, 0.5, -2.34953, -3.02052, 7.63494
7.5, 8, 0.5, -2.39407, -3.28489, 7.55024
7.75, 0, 0.5, -2.71222, 3.48522, 7.33895
7.75, 0.25, 0.5, -2.62046, 3.15866, 7.50725
7.75, 0.5, 0.5, -2.57328, 2.8969, 7.59003
7.75, 0.75, 0.5, -2.49098, 2.60592, 7.76432
7.75, 1, 0.5, -2.48209, 2.399, 7.76038
7.75, 1.25, 0.5, -2.47354, 2.19379, 7.75716
7.75, 1.5, 0.5, -2.85529, 2.30503, 6.94314
7.75, 1.75, 0.5, -2.77534, 2.01952, 7.06377
7.75, 2, 0.5, -2.81273, 1.82277, 6.97687
7.75, 2.25, 0.5, -2.86319, 1.6275, 6.87776
7.75, 2.5, 0.5, -2.85473, 1.3954, 6.87454
7.75, 2.75, 0.5, -2.84586, 1.16447, 6.87293
7.75, 3, 0.5, -2.79213, 0.920178, 6.95254
7.75, 3.25, 0.5, -2.84628, 0.711401, 6.85533
7.75, 3.5, 0.5, -2.78286, 0.473979, 6.95063
7.75, 3.75, 0.5, -2.7907, 0.253118, 6.93559
7.75, 4, 0.5, -2.81403, 0.0311794, 6.89417
7.75, 4.25, 0.5, -2.77853, -0.190441, 6.95039
7.75, 4.5, 0.5, -2.78164, -0.41213, 6.94997
7.75, 4.75, 0.5, -2.84365, -0.647729, 6.85496
7.75, 5, 0.5, -2.81444, -0.865162, 6.91097
7.75, 5.25, 0.5, -2.81981, -1.09133, 6.91367
7.75, 5.5, 0.5, -2.82835, -1.31983, 6.91521
7.75, 5.75, 0.5, -2.91027, -1.58977, 6.79603
7.75, 6, 0.5, -2.89431, -1.8115, 6.83962
7.75, 6.25, 0.5, -2.86826, -2.02357, 6.8975
7.75, 6.5, 0.5, -2.78167, -2.18396, 7.06601
7.75, 6.75, 0.5, -2.7148, -2.34761, 7.2121
7.75, 7, 0.5, -2.49718, -2.35825, 7.7145
7.75, 7.25, 0.5, -2.50545, -2.56554, 7.71878
7.75, 7.5, 0.5, -2.58917, -2.85742, 7.54513
7.75, 7.75, 0.5, -2.63888, -3.12239, 7.46185
7.75, 8, 0.5, -2.62743, -3.31804, 7.51127
8, 0, 0.5, -2.77553, 3.30354, 7.66657
8, 0.25, 0.5, -2.83772, 3.16829, 7.51133
8, 0.5, 0.5, -2.80693, 2.92691, 7.55068
8, 0.75, 0.5, -2.77734, 2.69122, 7.59008
8, 1, 0.5, -2.76776, 2.47783, 7.58626
8, 1.25, 0.5, -2.68099, 2.20242, 7.76127
8, 1.5, 0.5, -2.65279, 1.98362, 7.80355
8, 1.75, 0.5, -2.9497, 1.9881, 7.16872
8, 2, 0.5, -2.97629, 1.78652, 7.1069
8, 2.25, 0.5, -3.06807, 1.61535, 6.93833
8, 2.5, 0.5, -3.09889, 1.40304, 6.88055
8, 2.75, 0.5, -3.00288, 1.13811, 7.0163
8, 3, 0.5, -3.05977, 0.934015, 6.91633
8, 3.25, 0.5, -3.08113, 0.713308, 6.87472
8, 3.5, 0.5, -3.13099, 0.493944, 6.79235
8, 3.75, 0.5, -3.07323, 0.258186, 6.87311
8, 4, 0.5, -3.07354, 0.0315433, 6.87227
8, 4.25, 0.5, -3.04787, -0.193496, 6.91329
8, 4.5, 0.5, -3.10292, -0.425827, 6.83241
8, 4.75, 0.5, -3.05327, -0.644186, 6.91472
8, 5, 0.5, -3.08458, -0.878276, 6.87568
8, 5.25, 0.5, -3.06443, -1.09854, 6.91806
8, 5.5, 0.5, -3.00787, -1.30008, 7.01719
8, 5.75, 0.5, -3.01582, -1.52593, 7.01995
8, 6, 0.5, -3.04843, -1.76725, 6.98149
8, 6.25, 0.5, -2.95816, -1.93308, 7.15158
8, 6.5, 0.5, -2.66915, -1.94106, 7.75761
8, 6.75, 0.5, -2.69774, -2.16081, 7.71531
8, 7, 0.5, -2.70548, -2.36653, 7.71898
8, 7.25, 0.5, -2.79621, -2.65211, 7.54486
8, 7.5, 0.5, -2.80447, -2.86677, 7.54936
8, 7.75, 0.5, -2.94786, -3.23075, 7.29326
8, 8, 0.5, -2.75178, -3.21879, 7.71007
8.25, 0, 0.5, -2.96681, 3.28867, 7.71557
8.25, 0.25, 0.5, -3.10345, 3.22698, 7.42909
8.25, 0.5, 0.5, -3.0244, 2.93707, 7.55459
8.25, 0.75, 0.5, -2.99302, 2.70102, 7.5948
8.25, 1, 0.5, -2.9828, 2.48693, 7.59081
8.25, 1.25, 0.5, -2.95319, 2.25941, 7.63144
8.25, 1.5, 0.5, -2.92189, 2.03477, 7.67274
8.25, 1.75, 0.5, -2.83334, 1.77851, 7.84995
8.25, 2, 0.5, -3.12222, 1.74539, 7.25555
8.25, 2.25, 0.5, -3.17763, 1.55812, 7.15088
8.25, 2.5, 0.5, -3.24974, 1.37027, 7.02338
8.25, 2.75, 0.5, -3.24161, 1.1442, 7.02155
8.25, 3, 0.5, -3.26359, 0.927809, 6.9786
8.25, 3.25, 0.5, -3.28581, 0.708445, 6.93589
8.25, 3.5, 0.5, -3.29567, 0.484214, 6.92033
8.25, 3.75, 0.5, -3.41124, 0.2669, 6.75709
8.25, 4, 0.5, -3.32058, 0.031738, 6.87817
8.25, 4.25, 0.5, -3.4402, -0.203402, 6.71794
8.25, 4.5, 0.5, -3.32446, -0.424895, 6.87878
8.25, 4.75, 0.5, -3.38494, -0.665112, 6.79893
8.25, 5, 0.5, -3.20737, -0.850514, 7.06102
8.25, 5.25, 0.5, -3.32324, -1.10949, 6.8975
8.25, 5.5, 0.5, -3.27499, -1.31832, 6.98147
8.25, 5.75, 0.5, -3.20158, -1.50866, 7.10856
8.25, 6, 0.5, -3.11982, -1.68442, 7.25463
8.25, 6.25, 0.5, -2.83011, -1.72238, 7.84969
8.25, 6.5, 0.5, -2.87816, -1.9493, 7.7616
8.25, 6.75, 0.5, -2.88649, -2.1532, 7.76541
8.25, 7, 0.5, -2.98134, -2.42872, 7.58964
8.25, 7.25, 0.5, -3.05758, -2.70083, 7.46241
8.25, 7.5, 0.5, -3.0681, -2.92085, 7.4661
8.25, 7.75, 0.5, -2.95404, -3.01516, 7.71023
8.25, 8, 0.5, -3.09905, -3.37602, 7.44985
8.5, 0, 0.5, -2.792, 2.89599, 8.62252
8.5, 0.25, 0.5, -3.1703, 3.08463, 7.71545
8.5, 0.5, 0.5, -3.18299, 2.89242, 7.6665
8.5, 0.75, 0.5, -3.25701, 2.75035, 7.51216
8.5, 1, 0.5, -3.29839, 2.57331, 7.42014
8.5, 1.25, 0.5, -3.23951, 2.31918, 7.50374
8.5, 1.5, 0.5, -3.1367, 2.04398, 7.67741
8.5, 1.75, 0.5, -3.10519, 1.82388, 7.71969
8.5, 2, 0.5, -3.07659, 1.60935, 7.76087
8.5, 2.25, 0.5, -3.0268, 1.38878, 7.84949
8.5, 2.5, 0.5, -2.97942, 1.17555, 7.93872
8.5, 2.75, 0.5, -3.3591, 1.10947, 7.21043
8.5, 3, 0.5, -3.42036, 0.909882, 7.10865
8.5, 3.25, 0.5, -3.62622, 0.731592, 6.81949
8.5, 3.5, 0.5, -3.499, 0.481048, 6.98208
8.5, 3.75, 0.5, -3.62027, 0.265049, 6.81739
8.5, 4, 0.5, -3.46649, 0.0310032, 7.02221
8.5, 4.25, 0.5, -3.58716, -0.198461, 6.85828
8.5, 4.5, 0.5, -3.49954, -0.418525, 6.98121
8.5, 4.75, 0.5, -3.41641, -0.628152, 7.10696
8.5, 5, 0.5, -3.3926, -0.841814, 7.15037
8.5, 5.25, 0.5, -3.35741, -1.04886, 7.21001
8.5, 5.5, 0.5, -3.33581, -1.2565, 7.25561
8.5, 5.75, 0.5, -3.06793, -1.35277, 7.75832
8.5, 6, 0.5, -3.07364, -1.55283, 7.76119
8.5, 6.25, 0.5, -3.14936, -1.79349, 7.62895
8.5, 6.5, 0.5, -3.15727, -2.00091, 7.63143
8.5, 6.75, 0.5, -3.18805, -2.22531, 7.59092
8.5, 7, 0.5, -3.19688, -2.43693, 7.59516
8.5, 7.25, 0.5, -3.25542, -2.69078, 7.51018
8.5, 7.5, 0.5, -3.18146, -2.83412, 7.66516
8.5, 7.75, 0.5, -3.23841, -3.09298, 7.58092
8.5, 8, 0.5, -3.15424, -3.21531, 7.7637
8.75, 0, 0.5, -2.99793, 2.92182, 8.57904
8.75, 0.25, 0.5, -2.9715, 2.71661, 8.62271
8.75, 0.5, 0.5, -3.39951, 2.90262, 7.6708
8.75, 0.75, 0.5, -3.38939, 2.6893, 7.66779
8.75, 1, 0.5, -3.41733, 2.50511, 7.60081
8.75, 1.25, 0.5, -3.48723, 2.34575, 7.46502
8.75, 1.5, 0.5, -3.4523, 2.11379, 7.50547
8.75, 1.75, 0.5, -3.39189, 1.87197, 7.59058
8.75, 2, 0.5, -3.36074, 1.65183, 7.6321
8.75, 2.25, 0.5, -3.30543, 1.42503, 7.71921
8.75, 2.5, 0.5, -3.25289, 1.20595, 7.80708
8.75, 2.75, 0.5, -3.29286, 1.02192, 7.71515
8.75, 3, 0.5, -3.21917, 0.804649, 7.84936
8.75, 3.25, 0.5, -3.23801, 0.613821, 7.80273
8.75, 3.5, 0.5, -3.55274, 0.458941, 7.25532
8.75, 3.75, 0.5, -3.57803, 0.246138, 7.21213
8.75, 4, 0.5, -3.57719, 0.0300612, 7.21203
8.75, 4.25, 0.5, -3.57753, -0.185975, 7.21222
8.75, 4.5, 0.5, -3.55068, -0.398998, 7.25528
8.75, 4.75, 0.5, -3.30743, -0.571392, 7.66741
8.75, 5, 0.5, -3.2638, -0.760949, 7.75888
8.75, 5.25, 0.5, -3.19987, -0.939277, 7.89592
8.75, 5.5, 0.5, -3.27298, -1.15839, 7.76152
8.75, 5.75, 0.5, -3.35066, -1.38822, 7.62916
8.75, 6, 0.5, -3.35867, -1.59436, 7.63086
8.75, 6.25, 0.5, -3.39072, -1.81433, 7.5892
8.75, 6.5, 0.5, -3.39868, -2.02383, 7.59274
8.75, 6.75, 0.5, -3.51025, -2.30225, 7.42084
8.75, 7, 0.5, -3.49375, -2.50241, 7.46777
8.75, 7.25, 0.5, -3.58525, -2.78445, 7.34127
8.75, 7.5, 0.5, -3.34715, -2.80166, 7.76019
8.75, 7.75, 0.5, -2.98873, -2.68214, 8.57278
8.75, 8, 0.5, -3.01451, -2.88731, 8.53044
9, 0, 0.5, -3.26929, 3.00483, 8.39392
9, 0.25, 0.5, -3.24003, 2.79342, 8.43692
9, 0.5, 0.5, -3.13318, 2.52286, 8.67153
9, 0.75, 0.5, -3.57988, 2.67868, 7.71725
9, 1, 0.5, -3.54656, 2.45178, 7.75787
9, 1.25, 0.5, -3.56256, 2.25996, 7.70965
9, 1.5, 0.5, -3.59291, 2.0746, 7.64339
9, 1.75, 0.5, -3.72347, 1.93794, 7.42053
9, 2, 0.5, -3.6584, 1.69573, 7.5052
9, 2.25, 0.5, -3.59733, 1.46256, 7.59084
9, 2.5, 0.5, -3.59266, 1.25606, 7.58865
9, 2.75, 0.5, -3.55971, 1.04182, 7.63119
9, 3, 0.5, -3.50406, 0.825979, 7.71908
9, 3.25, 0.5, -3.52608, 0.630363, 7.67366
9, 3.5, 0.5, -3.4499, 0.420276, 7.80728
9, 3.75, 0.5, -3.47142, 0.225205, 7.76168
9, 4, 0.5, -3.47199, 0.0275155, 7.76087
9, 4.25, 0.5, -3.47227, -0.170224, 7.76099
9, 4.5, 0.5, -3.44922, -0.365523, 7.8066
9, 4.75, 0.5, -3.52646, -0.574537, 7.67279
9, 5, 0.5, -3.5032, -0.770251, 7.71925
9, 5.25, 0.5, -3.61113, -0.999632, 7.54231
9, 5.5, 0.5, -3.53879, -1.18114, 7.677
9, 5.75, 0.5, -3.5969, -1.40537, 7.59015
9, 6, 0.5, -3.65652, -1.6369, 7.50502
9, 6.25, 0.5, -3.60928, -1.8213, 7.59535
9, 6.5, 0.5, -3.81764, -2.14385, 7.29342
9, 6.75, 0.5, -3.68022, -2.27626, 7.51347
9, 7, 0.5, -3.64839, -2.46435, 7.57922
9, 7.25, 0.5, -3.60491, -2.64028, 7.67111
9, 7.5, 0.5, -3.15009, -2.48655, 8.62226
9, 7.75, 0.5, -3.17868, -2.69014, 8.57753
9, 8, 0.5, -3.24599, -2.93196, 8.43954
9.25, 0, 0.5, -3.53325, 3.07246, 8.25773
9.25, 0.25, 0.5, -3.45793, 2.82065, 8.39398
9.25, 0.5, 0.5, -3.42782, 2.6114, 8.4371
9.25, 0.75, 0.5, -3.37581, 2.38989, 8.52868
9.25, 1, 0.5, -3.70843, 2.42555, 7.85294
9.25, 1.25, 0.5, -3.77979, 2.26857, 7.7155
9.25, 1.5, 0.5, -3.95836, 2.16246, 7.42956
9.25, 1.75, 0.5, -4.01231, 1.97575, 7.34065
9.25, 2, 0.5, -3.8843, 1.70343, 7.51035
9.25, 2.25, 0.5, -3.90723, 1.50296, 7.4645
9.25, 2.5, 0.5, -3.84279, 1.27112, 7.55017
9.25, 2.75, 0.5, -3.86527, 1.0703, 7.50497
9.25, 3, 0.5, -3.86058, 0.860986, 7.50307
9.25, 3.25, 0.5, -3.80127, 0.642945, 7.58998
9.25, 3.5, 0.5, -3.82562, 0.440937, 7.54509
9.25, 3.75, 0.5, -3.79581, 0.232981, 7.58921
9.25, 4, 0.5, -3.74014, 0.0280436, 7.67792
9.25, 4.25, 0.5, -3.79674, -0.176102, 7.5885
9.25, 4.5, 0.5, -3.82535, -0.38354, 7.54531
9.25, 4.75, 0.5, -3.79929, -0.585636, 7.59027
9.25, 5, 0.5, -3.80244, -0.790998, 7.59137
9.25, 5.25, 0.5, -3.86379, -1.01194, 7.50467
9.25, 5.5, 0.5, -3.89827, -1.23102, 7.46265
9.25, 5.75, 0.5, -3.84557, -1.42158, 7.5518
9.25, 6, 0.5, -4.00373, -1.69576, 7.33635
9.25, 6.25, 0.5, -3.85947, -1.84261, 7.55734
9.25, 6.5, 0.5, -3.82599, -2.03278, 7.62171
9.25, 6.75, 0.5, -3.9213, -2.2947, 7.49295
9.25, 7, 0.5, -3.75926, -2.40242, 7.76178
9.25, 7.25, 0.5, -3.31329, -2.29593, 8.67114
9.25, 7.5, 0.5, -3.42525, -2.55808, 8.43557
9.25, 7.75, 0.5, -3.47782, -2.78473, 8.34553
9.25, 8, 0.5, -3.50874, -2.99853, 8.3025
9.5, 0, 0.5, -3.78419, 3.12244, 8.17004
9.5, 0.25, 0.5, -3.75009, 2.90258, 8.21199
9.5, 0.5, 0.5, -3.62356, 2.61938, 8.44203
9.5, 0.75, 0.5, -3.59305, 2.41363, 8.4862
9.5, 1, 0.5, -3.53961, 2.19677, 8.57841
9.5, 1.25, 0.5, -3.5125, 2.00036, 8.62294
9.5, 1.5, 0.5, -4.07873, 2.1143, 7.58512
9.5, 1.75, 0.5, -3.92519, 1.83403, 7.80508
9.5, 2, 0.5, -4.03501, 1.67905, 7.62295
9.5, 2.25, 0.5, -4.02842, 1.47036, 7.62006
9.5, 2.5, 0.5, -4.03719, 1.26715, 7.60025
9.5, 2.75, 0.5, -4.18644, 1.09996, 7.38024
9.5, 3, 0.5, -4.058, 0.858745, 7.55294
9.5, 3.25, 0.5, -4.14759, 0.665654, 7.42024
9.5, 3.5, 0.5, -4.08259, 0.446498, 7.50703
9.5, 3.75, 0.5, -4.05047, 0.235901, 7.54993
9.5, 4, 0.5, -4.01999, 0.0286009, 7.59441
9.5, 4.25, 0.5, -4.08096, -0.179607, 7.50636
9.5, 4.5, 0.5, -4.08072, -0.388227, 7.50699
9.5, 4.75, 0.5, -4.1152, -0.601901, 7.46347
9.5, 5, 0.5, -4.11719, -0.812687, 7.4654
9.5, 5.25, 0.5, -4.21943, -1.04859, 7.3364
9.5, 5.5, 0.5, -4.22301, -1.26538, 7.33846
9.5, 5.75, 0.5, -4.0567, -1.42295, 7.57516
9.5, 6, 0.5, -3.97324, -1.59681, 7.71148
9.5, 6.25, 0.5, -4.03986, -1.83013, 7.62431
9.5, 6.5, 0.5, -4.0461, -2.03981, 7.62795
9.5, 6.75, 0.5, -3.51033, -1.94918, 8.62157
9.5, 7, 0.5, -3.55948, -2.15845, 8.52965
9.5, 7.25, 0.5, -3.63646, -2.39105, 8.39034
9.5, 7.5, 0.5, -3.64326, -2.58178, 8.39427
9.5, 7.75, 0.5, -3.65175, -2.77449, 8.39812
9.5, 8, 0.5, -3.80713, -3.08719, 8.12248
9.75, 0, 0.5, -4.01777, 3.15392, 8.12896
9.75, 0.25, 0.5, -4.00842, 2.95162, 8.12456
9.75, 0.5, 0.5, -3.89422, 2.67812, 8.30658
9.75, 0.75, 0.5, -3.88564, 2.48322, 8.30359
9.75, 1, 0.5, -3.82948, 2.26107, 8.39338
9.75, 1.25, 0.5, -3.82048, 2.06993, 8.39038
9.75, 1.5, 0.5, -3.74371, 1.84624, 8.52981
9.75, 1.75, 0.5, -3.71417, 1.65102, 8.57499
9.75, 2, 0.5, -4.32067, 1.71047, 7.54124
9.75, 2.25, 0.5, -4.21945, 1.46517, 7.67196
9.75, 2.5, 0.5, -4.2449, 1.26754, 7.625
9.75, 2.75, 0.5, -4.27167, 1.06776, 7.57899
9.75, 3, 0.5, -4.45129, 0.896156, 7.34196
9.75, 3.25, 0.5, -4.17244, 0.637072, 7.70934
9.75, 3.5, 0.5, -4.34248, 0.451821, 7.47034
9.75, 3.75, 0.5, -4.4439, 0.246226, 7.33933
9.75, 4, 0.5, -4.30706, 0.0291528, 7.513
9.75, 4.25, 0.5, -4.21356, -0.176424, 7.64476
9.75, 4.5, 0.5, -4.30897, -0.390003, 7.51392
9.75, 4.75, 0.5, -4.23338, -0.589069, 7.62001
9.75, 5, 0.5, -4.28177, -0.804064, 7.55914
9.75, 5.25, 0.5, -4.20756, -0.99478, 7.6673
9.75, 5.5, 0.5, -4.21353, -1.20113, 7.6681
9.75, 5.75, 0.5, -4.18713, -1.39727, 7.71544
9.75, 6, 0.5, -4.19455, -1.60376, 7.71735
9.75, 6.25, 0.5, -3.69026, -1.59044, 8.62215
9.75, 6.5, 0.5, -3.74036, -1.79396, 8.52913
9.75, 6.75, 0.5, -3.79596, -2.00526, 8.4366
9.75, 7, 0.5, -3.85052, -2.22137, 8.34556
9.75, 7.25, 0.5, -3.85956, -2.4143, 8.34885
9.75, 7.5, 0.5, -3.94297, -2.65826, 8.21244
9.75, 7.75, 0.5, -3.97835, -2.87562, 8.16965
9.75, 8, 0.5, -3.98677, -3.07562, 8.17447
10, 0, 0.5, -4.3424, 3.25065, 7.95263
10, 0.25, 0.5, -4.24514, 2.98094, 8.08436
10, 0.5, 0.5, -4.20597, 2.75835, 8.12688
10, 0.75, 0.5, -4.14307, 2.52493, 8.21534
10, 1, 0.5, -4.13396, 2.32763, 8.21253
10, 1.25, 0.5, -4.07255, 2.10416, 8.30271
10, 1.5, 0.5, -4.03929, 1.89962, 8.34616
10, 1.75, 0.5, -4.00693, 1.69855, 8.39064
10, 2, 0.5, -3.90345, 1.47363, 8.57836
10, 2.25, 0.5, -3.97061, 1.31481, 8.43378
10, 2.5, 0.5, -3.86858, 1.10159, 8.62249
10, 2.75, 0.5, -4.36961, 1.04158, 7.76326
10, 3, 0.5, -4.39711, 0.844188, 7.71654
10, 3.25, 0.5, -4.45775, 0.649066, 7.6272
10, 3.5, 0.5, -4.32804, 0.429432, 7.80498
10, 3.75, 0.5, -4.32805, 0.228684, 7.80422
10, 4, 0.5, -4.52136, 0.0291839, 7.53673
10, 4.25, 0.5, -4.42085, -0.176517, 7.67018
10, 4.5, 0.5, -4.39139, -0.379027, 7.71445
10, 4.75, 0.5, -4.45849, -0.591617, 7.6266
10, 5, 0.5, -4.46019, -0.79872, 7.62837
10, 5.25, 0.5, -4.53064, -1.02148, 7.54115
10, 5.5, 0.5, -3.86737, -1.05132, 8.62215
10, 5.75, 0.5, -3.94575, -1.25564, 8.48012
10, 6, 0.5, -3.9246, -1.43095, 8.53016
10, 6.25, 0.5, -3.98138, -1.63632, 8.43708
10, 6.5, 0.5, -4.03867, -1.84719, 8.34467
10, 6.75, 0.5, -3.99268, -2.01135, 8.44281
10, 7, 0.5, -4.10574, -2.25874, 8.25692
10, 7.25, 0.5, -4.14101, -2.47021, 8.2142
10, 7.5, 0.5, -4.20493, -2.70338, 8.12536
10, 7.75, 0.5, -4.32998, -2.98462, 7.94653
10, 8, 0.5, -4.37155, -3.21604, 7.90505
10.25, 0, 0.5, -4.46356, 3.19323, 8.09526
10.25, 0.25, 0.5, -4.2814, 2.87314, 8.36947
10.25, 0.5, 0.5, -4.50694, 2.82471, 7.99533
10.25, 0.75, 0.5, -4.34935, 2.53315, 8.22143
10.25, 1, 0.5, -4.37052, 2.35174, 8.17149
10.25, 1.25, 0.5, -4.42207, 2.18347, 8.07595
10.25, 1.5, 0.5, -4.32676, 1.94461, 8.21122
10.25, 1.75, 0.5, -4.26258, 1.72682, 8.3026
10.25, 2, 0.5, -4.20221, 1.51609, 8.39443
10.25, 2.25, 0.5, -4.17028, 1.31972, 8.43954
10.25, 2.5, 0.5, -4.19235, 1.14087, 8.39083
10.25, 2.75, 0.5, -4.08626, 0.930866, 8.5789
10.25, 3, 0.5, -4.10661, 0.753467, 8.52991
10.25, 3.25, 0.5, -4.10431, 0.571113, 8.52942
10.25, 3.5, 0.5, -4.15554, 0.394039, 8.43283
10.25, 3.75, 0.5, -4.02632, 0.203311, 8.67231
10.25, 4, 0.5, -4.02585, 0.0248336, 8.67217
10.25, 4.25, 0.5, -4.02758, -0.153686, 8.67149
10.25, 4.5, 0.5, -4.12727, -0.34044, 8.4804
10.25, 4.75, 0.5, -4.10493, -0.520557, 8.52858
10.25, 5, 0.5, -4.10568, -0.702645, 8.52973
10.25, 5.25, 0.5, -4.08336, -0.879828, 8.57874
10.25, 5.5, 0.5, -4.16457, -1.08193, 8.43713
10.25, 5.75, 0.5, -4.14436, -1.26038, 8.48633
10.25, 6, 0.5, -4.20199, -1.46417, 8.39342
10.25, 6.25, 0.5, -4.23454, -1.66322, 8.34826
10.25, 6.5, 0.5, -4.29625, -1.8779, 8.25713
10.25, 6.75, 0.5, -4.38876, -2.11288, 8.12138
10.25, 7, 0.5, -4.39639, -2.31143, 8.12516
10.25, 7.25, 0.5, -4.37622, -2.49481, 8.17389
10.25, 7.5, 0.5, -4.47338, -2.74849, 8.04001
10.25, 7.75, 0.5, -4.57745, -3.01534, 7.90786
10.25, 8, 0.5, -4.493, -3.15887, 8.04775
10.5, 0, 0.5, -4.04427, 2.77047, 9.22382
10.5, 0.25, 0.5, -4.46905, 2.87177, 8.39659
10.5, 0.5, 0.5, -4.53345, 2.72072, 8.2786
10.5, 0.75, 0.5, -4.58567, 2.55742, 8.18191
10.5, 1, 0.5, -4.77099, 2.45827, 7.90349
10.5, 1.25, 0.5, -4.60236, 2.17603, 8.12794
10.5, 1.5, 0.5, -4.59525, 1.97762, 8.12502
10.5, 1.75, 0.5, -4.52645, 1.75588, 8.21573
10.5, 2, 0.5, -4.46157, 1.54134, 8.30728
10.5, 2.25, 0.5, -4.48536, 1.35918, 8.25788
10.5, 2.5, 0.5, -4.45174, 1.16003, 8.30325
10.5, 2.75, 0.5, -4.33534, 0.945688, 8.4901
10.5, 3, 0.5, -4.38889, 0.77108, 8.39381
10.5, 3.25, 0.5, -4.44329, 0.592039, 8.29847
10.5, 3.5, 0.5, -4.35648, 0.395559, 8.43928
10.5, 3.75, 0.5, -4.32805, 0.209271, 8.48636
10.5, 4, 0.5, -4.32595, 0.0255522, 8.48643
10.5, 4.25, 0.5, -4.32784, -0.158134, 8.48576
10.5, 4.5, 0.5, -4.32869, -0.341899, 8.48617
10.5, 4.75, 0.5, -4.41233, -0.535789, 8.3455
10.5, 5, 0.5, -4.38821, -0.71912, 8.39338
10.5, 5.25, 0.5, -4.38951, -0.905649, 8.395
10.5, 5.5, 0.5, -4.45038, -1.1071, 8.30223
10.5, 5.75, 0.5, -4.42771, -1.2894, 8.35073
10.5, 6, 0.5, -4.48904, -1.4978, 8.25944
10.5, 6.25, 0.5, -4.58724, -1.72528, 8.12198
10.5, 6.5, 0.5, -4.59366, -1.92267, 8.12454
10.5, 6.75, 0.5, -4.63065, -2.1347, 8.08223
10.5, 7, 0.5, -4.57716, -2.30433, 8.17701
10.5, 7.25, 0.5, -4.58466, -2.5027, 8.18001
10.5, 7.5, 0.5, -4.56131, -2.68356, 8.23105
10.5, 7.75, 0.5, -4.41135, -2.78258, 8.48953
10.5, 8, 0.5, -3.96368, -2.66844, 9.39533
10.75, 0, 0.5, -4.24995, 2.79282, 9.18065
10.75, 0.25, 0.5, -4.19657, 2.58687, 9.27577
10.75, 0.5, 0.5, -4.14234, 2.38478, 9.37288
10.75, 0.75, 0.5, -4.68676, 2.50738, 8.34891
10.75, 1, 0.5, -4.88665, 2.41534, 8.04692
10.75, 1.25, 0.5, -4.68791, 2.12623, 8.32106
10.75, 1.5, 0.5, -4.90542, 2.02515, 7.99487
10.75, 1.75, 0.5, -4.93293, 1.83565, 7.94659
10.75, 2, 0.5, -4.86046, 1.61078, 8.03504
10.75, 2.25, 0.5, -4.75698, 1.38279, 8.17075
10.75, 2.5, 0.5, -4.68971, 1.17229, 8.26193
10.75, 2.75, 0.5, -4.71699, 0.987042, 8.21422
10.75, 3, 0.5, -4.68237, 0.789145, 8.25902
10.75, 3.25, 0.5, -4.70944, 0.601952, 8.21209
10.75, 3.5, 0.5, -4.70744, 0.410022, 8.21133
10.75, 3.75, 0.5, -4.6752, 0.216852, 8.25771
10.75, 4, 0.5, -4.58589, 0.0259846, 8.39772
10.75, 4.25, 0.5, -4.6147, -0.16175, 8.35179
10.75, 4.5, 0.5, -4.67752, -0.354408, 8.2576
10.75, 4.75, 0.5, -4.70915, -0.548549, 8.21164
10.75, 5, 0.5, -4.71118, -0.74061, 8.21285
10.75, 5.25, 0.5, -4.77933, -0.945926, 8.12107
10.75, 5.5, 0.5, -4.71963, -1.12628, 8.21532
10.75, 5.75, 0.5, -4.75553, -1.32848, 8.17018
10.75, 6, 0.5, -4.79149, -1.53362, 8.12683
10.75, 6.25, 0.5, -4.7976, -1.73092, 8.12958
10.75, 6.5, 0.5, -4.80372, -1.92872, 8.13173
10.75, 6.75, 0.5, -4.77814, -2.11301, 8.18098
10.75, 7, 0.5, -4.85113, -2.34281, 8.09229
10.75, 7.25, 0.5, -4.92788, -2.58053, 8.00324
10.75, 7.5, 0.5, -4.16333, -2.34968, 9.32112
10.75, 7.75, 0.5, -4.21813, -2.55236, 9.2249
10.75, 8, 0.5, -4.24799, -2.7434, 9.17997
11, 0, 0.5, -4.5387, 2.86589, 8.98995
11, 0.25, 0.5, -4.50582, 2.66884, 9.03417
11, 0.5, 0.5, -4.42051, 2.44536, 9.1798
11, 0.75, 0.5, -4.38863, 2.25602, 9.22553
11, 1, 0.5, -4.3104, 2.04716, 9.37262
11, 1.25, 0.5, -4.84719, 2.11246, 8.39565
11, 1.5, 0.5, -5.12264, 2.03208, 8.00217
11, 1.75, 0.5, -4.83455, 1.72866, 8.38937
11, 2, 0.5, -5.10994, 1.6272, 7.9968
11, 2.25, 0.5, -5.0705, 1.41626, 8.03957
11, 2.5, 0.5, -4.99742, 1.20033, 8.13015
11, 2.75, 0.5, -4.89322, 0.983858, 8.26867
11, 3, 0.5, -5.05729, 0.818984, 8.03608
11, 3.25, 0.5, -4.88755, 0.600275, 8.26627
11, 3.5, 0.5, -4.98408, 0.417133, 8.12627
11, 3.75, 0.5, -4.98447, 0.222152, 8.12488
11, 4, 0.5, -4.98277, 0.0271288, 8.12541
11, 4.25, 0.5, -4.94924, -0.166689, 8.17201
11, 4.5, 0.5, -4.98368, -0.362831, 8.12568
11, 4.75, 0.5, -4.95203, -0.554272, 8.17311
11, 5, 0.5, -5.02334, -0.758788, 8.08082
11, 5.25, 0.5, -4.9591, -0.943106, 8.17442
11, 5.5, 0.5, -5.13425, -1.17729, 7.94678
11, 5.75, 0.5, -5.00067, -1.3423, 8.13148
11, 6, 0.5, -5.21768, -1.60469, 7.86073
11, 6.25, 0.5, -5.15136, -1.78584, 7.9522
11, 6.5, 0.5, -5.08586, -1.96211, 8.04727
11, 6.75, 0.5, -4.84587, -2.05912, 8.39454
11, 7, 0.5, -4.33216, -2.01032, 9.32161
11, 7.25, 0.5, -4.38698, -2.2074, 9.22507
11, 7.5, 0.5, -4.36943, -2.36952, 9.27827
11, 7.75, 0.5, -4.42738, -2.57417, 9.18161
11, 8, 0.5, -4.48405, -2.78255, 9.08711
11.25, 0, 0.5, -4.70279, 2.85769, 9.04538
11.25, 0.25, 0.5, -4.6958, 2.67664, 9.04135
11.25, 0.5, 0.5, -4.65975, 2.48065, 9.08715
11.25, 0.75, 0.5, -4.57422, 2.26289, 9.23224
11.25, 1, 0.5, -4.62085, 2.11197, 9.12895
11.25, 1.25, 0.5, -4.5362, 1.90249, 9.27626
11.25, 1.5, 0.5, -4.47034, 1.70656, 9.39539
11.25, 1.75, 0.5, -4.50202, 1.54915, 9.32023
11.25, 2, 0.5, -5.03551, 1.54313, 8.39458
11.25, 2.25, 0.5, -5.32336, 1.43091, 8.00192
11.25, 2.5, 0.5, -5.28246, 1.22102, 8.04545
11.25, 2.75, 0.5, -5.3532, 1.03582, 7.95273
11.25, 3, 0.5, -5.31112, 0.827708, 7.99728
11.25, 3.25, 0.5, -5.42181, 0.64082, 7.86022
11.25, 3.5, 0.5, -5.19972, 0.418795, 8.13225
11.25, 3.75, 0.5, -5.26875, 0.22598, 8.04124
11.25, 4, 0.5, -5.30486, 0.027795, 7.99534
11.25, 4.25, 0.5, -5.26842, -0.170758, 8.04063
11.25, 4.5, 0.5, -5.30592, -0.371748, 7.99526
11.25, 4.75, 0.5, -5.30902, -0.571856, 7.99515
11.25, 5, 0.5, -5.16726, -0.751139, 8.18133
11.25, 5.25, 0.5, -5.27677, -0.965736, 8.04383
11.25, 5.5, 0.5, -5.28077, -1.16529, 8.04586
11.25, 5.75, 0.5, -5.3591, -1.38435, 7.95606
11.25, 6, 0.5, -5.32884, -1.57717, 8.00303
11.25, 6.25, 0.5, -5.03944, -1.68126, 8.39618
11.25, 6.5, 0.5, -4.4794, -1.66308, 9.37287
11.25, 6.75, 0.5, -4.56134, -1.86524, 9.22489
11.25, 7, 0.5, -4.54206, -2.02837, 9.27744
11.25, 7.25, 0.5, -4.57397, -2.21483, 9.23078
11.25, 7.5, 0.5, -4.65915, -2.4315, 9.08574
11.25, 7.75, 0.5, -4.72115, -2.64162, 8.99107
11.25, 8, 0.5, -4.7837, -2.85673, 8.89856
11.5, 0, 0.5, -5.04218, 2.95275, 8.80855
11.5, 0.25, 0.5, -4.97203, 2.73126, 8.90216
11.5, 0.5, 0.5, -4.96591, 2.54771, 8.89775
11.5, 0.75, 0.5, -4.8721, 2.32279, 9.041
11.5, 1, 0.5, -4.8372, 2.13064, 9.08705
11.5, 1.25, 0.5, -4.83064, 1.95247, 9.08355
11.5, 1.5, 0.5, -4.76875, 1.75442, 9.18052
11.5, 1.75, 0.5, -4.71193, 1.56254, 9.2768
11.5, 2, 0.5, -4.73391, 1.39806, 9.22511
11.5, 2.25, 0.5, -4.63945, 1.20182, 9.39562
11.5, 2.5, 0.5, -4.69936, 1.04683, 9.27079
11.5, 2.75, 0.5, -5.22987, 0.975238, 8.39647
11.5, 3, 0.5, -5.2591, 0.789862, 8.34869
11.5, 3.25, 0.5, -5.45422, 0.62126, 8.09488
11.5, 3.5, 0.5, -5.30809, 0.412011, 8.27935
11.5, 3.75, 0.5, -5.45111, 0.225318, 8.09321
11.5, 4, 0.5, -5.21955, 0.0263557, 8.39318
11.5, 4.25, 0.5, -5.48825, -0.171429, 8.04738
11.5, 4.5, 0.5, -5.45032, -0.368009, 8.09457
11.5, 4.75, 0.5, -5.48966, -0.569857, 8.04921
11.5, 5, 0.5, -5.15983, -0.722844, 8.48929
11.5, 5.25, 0.5, -5.19413, -0.916117, 8.44411
11.5, 5.5, 0.5, -4.67118, -0.993376, 9.32165
11.5, 5.75, 0.5, -4.63791, -1.15459, 9.3947
11.5, 6, 0.5, -4.7309, -1.3494, 9.2248
11.5, 6.25, 0.5, -4.70928, -1.51411, 9.27683
11.5, 6.5, 0.5, -4.79619, -1.71608, 9.12986
11.5, 6.75, 0.5, -4.73475, -1.8659, 9.25397
11.5, 7, 0.5, -4.83388, -2.08036, 9.08659
11.5, 7.25, 0.5, -4.89678, -2.28511, 8.99149
11.5, 7.5, 0.5, -4.96364, -2.49642, 8.89645
11.5, 7.75, 0.5, -5.0312, -2.71295, 8.80321
11.5, 8, 0.5, -5.13191, -2.95347, 8.66383
11.75, 0, 0.5, -5.16065, 2.9163, 8.93479
11.75, 0.25, 0.5, -5.29447, 2.80655, 8.71614
11.75, 0.5, 0.5, -5.16139, 2.55528, 8.90497
11.75, 0.75, 0.5, -5.21628, 2.39981, 8.80465
11.75, 1, 0.5, -5.08518, 2.16144, 8.99639
11.75, 1.25, 0.5, -5.02177, 1.95865, 9.09105
11.75, 1.5, 0.5, -5.04344, 1.79051, 9.03962
11.75, 1.75, 0.5, -5.00906, 1.60292, 9.08641
11.75, 2, 0.5, -5.03462, 1.43481, 9.03469
11.75, 2.25, 0.5, -4.94496, 1.23611, 9.18056
11.75, 2.5, 0.5, -4.93923, 1.06173, 9.1794
11.75, 2.75, 0.5, -4.86973, 0.876283, 9.29925
11.75, 3, 0.5, -4.88002, 0.707265, 9.27537
11.75, 3.25, 0.5, -4.9056, 0.539205, 9.225
11.75, 3.5, 0.5, -4.90225, 0.367187, 9.22522
11.75, 3.75, 0.5, -4.90296, 0.195565, 9.22401
11.75, 4, 0.5, -4.90253, 0.0238881, 9.22388
11.75, 4.25, 0.5, -4.90208, -0.147758, 9.22367
11.75, 4.5, 0.5, -4.9035, -0.319494, 9.22435
11.75, 4.75, 0.5, -4.9049, -0.491328, 9.22491
11.75, 5, 0.5, -4.87805, -0.65944, 9.27581
11.75, 5.25, 0.5, -4.8689, -0.828686, 9.299
11.75, 5.5, 0.5, -4.96622, -1.01914, 9.12944
11.75, 5.75, 0.5, -4.94366, -1.18761, 9.18024
11.75, 6, 0.5, -4.90663, -1.35052, 9.25388
11.75, 6.25, 0.5, -5.00885, -1.55403, 9.08494
11.75, 6.5, 0.5, -5.07109, -1.75091, 8.98999
11.75, 6.75, 0.5, -5.10702, -1.94213, 8.94425
11.75, 7, 0.5, -5.14363, -2.13616, 8.89793
11.75, 7.25, 0.5, -5.21312, -2.34755, 8.80388
11.75, 7.5, 0.5, -5.28586, -2.56539, 8.71079
11.75, 7.75, 0.5, -5.1979, -2.7047, 8.85914
11.75, 8, 0.5, -5.40111, -2.99956, 8.57576
12, 0, 0.5, -5.55838, 3.03481, 8.6523
12, 0.25, 0.5, -5.60057, 2.86837, 8.58076
12, 0.5, 0.5, -5.37289, 2.57, 8.88635
12, 0.75, 0.5, -5.58403, 2.48208, 8.57312
12, 1, 0.5, -5.40649, 2.22027, 8.80936
12, 1.25, 0.5, -5.36906, 2.02326, 8.85372
12, 1.5, 0.5, -5.36271, 1.83945, 8.85181
12, 1.75, 0.5, -5.3239, 1.64603, 8.89806
12, 2, 0.5, -5.22599, 1.43896, 9.04246
12, 2.25, 0.5, -5.25377, 1.26888, 8.99107
12, 2.5, 0.5, -5.15813, 1.07128, 9.13735
12, 2.75, 0.5, -5.18466, 0.901392, 9.0864
12, 3, 0.5, -5.18379, 0.725873, 9.08493
12, 3.25, 0.5, -5.1812, 0.550231, 9.08361
12, 3.5, 0.5, -5.09252, 0.368534, 9.23192
12, 3.75, 0.5, -5.11893, 0.197272, 9.18253
12, 4, 0.5, -5.11815, 0.0240951, 9.18207
12, 4.25, 0.5, -5.1204, -0.149117, 9.18163
12, 4.5, 0.5, -5.09223, -0.320567, 9.23176
12, 4.75, 0.5, -5.20932, -0.504169, 9.03502
12, 5, 0.5, -5.1816, -0.676779, 9.08546
12, 5.25, 0.5, -5.18549, -0.852713, 9.0858
12, 5.5, 0.5, -5.1574, -1.02257, 9.13731
12, 5.75, 0.5, -5.25092, -1.21875, 8.99102
12, 6, 0.5, -5.25533, -1.39756, 8.99279
12, 6.25, 0.5, -5.32249, -1.59548, 8.89749
12, 6.5, 0.5, -5.29806, -1.76739, 8.94812
12, 6.75, 0.5, -5.27112, -1.93672, 9.00004
12, 7, 0.5, -5.47202, -2.19566, 8.71167
12, 7.25, 0.5, -5.54821, -2.41393, 8.61877
12, 7.5, 0.5, -5.62682, -2.63848, 8.52717
12, 7.75, 0.5, -5.56296, -2.79673, 8.62681
12, 8, 0.5, -5.51974, -2.96173, 8.69958
12.25, 0, 0.5, -4.92672, 2.6019, 10.0561
12.25, 0.25, 0.5, -5.51459, 2.73192, 8.99387
12.25, 0.5, 0.5, -5.60634, 2.59391, 8.8446
12.25, 0.75, 0.5, -5.70098, 2.45115, 8.69722
12.25, 1, 0.5, -5.67583, 2.2546, 8.7207
12.25, 1.25, 0.5, -5.67072, 2.06701, 8.71724
12.25, 1.5, 0.5, -5.66307, 1.87891, 8.71495
12.25, 1.75, 0.5, -5.59017, 1.6718, 8.80824
12.25, 2, 0.5, -5.65373, 1.5058, 8.70989
12.25, 2.25, 0.5, -5.57886, 1.3033, 8.80476
12.25, 2.5, 0.5, -5.64347, 1.13372, 8.70654
12.25, 2.75, 0.5, -5.4741, 0.920571, 8.9468
12.25, 3, 0.5, -5.50408, 0.745503, 8.89663
12.25, 3.25, 0.5, -5.568, 0.571959, 8.79887
12.25, 3.5, 0.5, -5.37197, 0.376036, 9.09168
12.25, 3.75, 0.5, -5.43306, 0.202526, 8.99279
12.25, 4, 0.5, -5.46621, 0.0248916, 8.94279
12.25, 4.25, 0.5, -5.40294, -0.152197, 9.04135
12.25, 4.5, 0.5, -5.40377, -0.329047, 9.0417
12.25, 4.75, 0.5, -5.46891, -0.511973, 8.94429
12.25, 5, 0.5, -5.46915, -0.690962, 8.94574
12.25, 5.25, 0.5, -5.50585, -0.875765, 8.89768
12.25, 5.5, 0.5, -5.44407, -1.04408, 8.99683
12.25, 5.75, 0.5, -5.57838, -1.25238, 8.80377
12.25, 6, 0.5, -5.61613, -1.44464, 8.75792
12.25, 6.25, 0.5, -5.62278, -1.63034, 8.75958
12.25, 6.5, 0.5, -5.69779, -1.83854, 8.6662
12.25, 6.75, 0.5, -5.66732, -2.01416, 8.71693
12.25, 7, 0.5, -5.60484, -2.17536, 8.81624
12.25, 7.25, 0.5, -5.82571, -2.45172, 8.53246
12.25, 7.5, 0.5, -5.57064, -2.52666, 8.89185
12.25, 7.75, 0.5, -5.71456, -2.77894, 8.70335
12.25, 8, 0.5, -4.94936, -2.56878, 10.0034
12.5, 0, 0.5, -5.15322, 2.63529, 9.96007
12.5, 0.25, 0.5, -5.17228, 2.48114, 9.90493
12.5, 0.5, 0.5, -5.08816, 2.27957, 10.0563
12.5, 0.75, 0.5, -5.00941, 2.08556, 10.209
12.5, 1, 0.5, -5.75643, 2.21417, 8.89504
12.5, 1.25, 0.5, -5.8557, 2.0668, 8.7473
12.5, 1.5, 0.5, -6.01634, 1.93287, 8.53287
12.5, 1.75, 0.5, -5.77275, 1.6717, 8.83807
12.5, 2, 0.5, -5.96705, 1.53889, 8.57562
12.5, 2.25, 0.5, -5.96199, 1.34867, 8.57327
12.5, 2.5, 0.5, -5.74329, 1.11722, 8.8587
12.5, 2.75, 0.5, -5.77275, 0.940034, 8.80948
12.5, 3, 0.5, -5.84124, 0.766101, 8.71249
12.5, 3.25, 0.5, -5.84055, 0.580946, 8.71044
12.5, 3.5, 0.5, -5.83894, 0.395773, 8.70991
12.5, 3.75, 0.5, -5.80035, 0.209367, 8.75815
12.5, 4, 0.5, -5.80006, 0.025575, 8.75784
12.5, 4.25, 0.5, -5.76649, -0.15729, 8.80527
12.5, 4.5, 0.5, -5.83824, -0.344239, 8.71001
12.5, 4.75, 0.5, -5.83834, -0.529239, 8.71112
12.5, 5, 0.5, -5.87654, -0.718906, 8.66397
12.5, 5.25, 0.5, -5.80911, -0.894725, 8.76034
12.5, 5.5, 0.5, -5.88394, -1.09269, 8.66542
12.5, 5.75, 0.5, -5.77999, -1.25653, 8.81146
12.5, 6, 0.5, -5.89116, -1.46737, 8.66971
12.5, 6.25, 0.5, -5.78837, -1.62517, 8.81624
12.5, 6.5, 0.5, -6.05321, -1.89133, 8.48436
12.5, 6.75, 0.5, -5.71513, -1.96679, 8.93853
12.5, 7, 0.5, -5.72142, -2.15024, 8.94146
12.5, 7.25, 0.5, -5.72683, -2.33374, 8.94544
12.5, 7.5, 0.5, -5.11379, -2.24596, 10.0031
12.5, 7.75, 0.5, -5.06944, -2.38711, 10.1103
12.5, 8, 0.5, -5.15283, -2.58964, 9.95858
12.75, 0, 0.5, -5.47231, 2.71252, 9.71107
12.75, 0.25, 0.5, -5.38056, 2.50179, 9.86055
12.75, 0.5, 0.5, -5.27917, 2.29251, 10.0351
12.75, 0.75, 0.5, -5.33815, 2.15417, 9.90579
12.75, 1, 0.5, -5.24117, 1.95406, 10.081
12.75, 1.25, 0.5, -5.27303, 1.80399, 10.0031
12.75, 1.5, 0.5, -5.77265, 1.79762, 9.14098
12.75, 1.75, 0.5, -6.0867, 1.70848, 8.70098
12.75, 2, 0.5, -5.93518, 1.48366, 8.892
12.75, 2.25, 0.5, -6.00141, 1.3159, 8.79389
12.75, 2.5, 0.5, -6.24656, 1.1778, 8.4849
12.75, 2.75, 0.5, -6.24437, 0.985602, 8.48255
12.75, 3, 0.5, -6.12371, 0.778481, 8.62398
12.75, 3.25, 0.5, -6.15822, 0.593731, 8.57614
12.75, 3.5, 0.5, -6.27781, 0.412451, 8.43272
12.75, 3.75, 0.5, -6.19489, 0.21674, 8.52782
12.75, 4, 0.5, -6.23455, 0.0266465, 8.48067
12.75, 4.25, 0.5, -6.19466, -0.16378, 8.5275
12.75, 4.5, 0.5, -6.27636, -0.358705, 8.43397
12.75, 4.75, 0.5, -6.19873, -0.54465, 8.52795
12.75, 5, 0.5, -6.12291, -0.726041, 8.62378
12.75, 5.25, 0.5, -6.03157, -0.900457, 8.74172
12.75, 5.5, 0.5, -6.14691, -1.10647, 8.60021
12.75, 5.75, 0.5, -6.11242, -1.28799, 8.64951
12.75, 6, 0.5, -6.08072, -1.46806, 8.69857
12.75, 6.25, 0.5, -6.04793, -1.6459, 8.7487
12.75, 6.5, 0.5, -6.05205, -1.83289, 8.75147
12.75, 6.75, 0.5, -5.2714, -1.75837, 10.0024
12.75, 7, 0.5, -5.26543, -1.9181, 10.0278
12.75, 7.25, 0.5, -5.30917, -2.09709, 9.95643
12.75, 7.5, 0.5, -5.31714, -2.26354, 9.95861
12.75, 7.75, 0.5, -5.37679, -2.45407, 9.86057
12.75, 8, 0.5, -5.49949, -2.67898, 9.65902
13, 0, 0.5, -5.74756, 2.76406, 9.56695
13, 0.25, 0.5, -5.77043, 2.60311, 9.51283
13, 0.5, 0.5, -5.61221, 2.36451, 9.7627
13, 0.75, 0.5, -5.54594, 2.17133, 9.86219
13, 1, 0.5, -5.5689, 2.01438, 9.80797
13, 1.25, 0.5, -5.47816, 1.81832, 9.95946
13, 1.5, 0.5, -5.47499, 1.65412, 9.95645
13, 1.75, 0.5, -5.41434, 1.47447, 10.0584
13, 2, 0.5, -5.41179, 1.31251, 10.0555
13, 2.25, 0.5, -5.43313, 1.15579, 10.0023
13, 2.5, 0.5, -5.98553, 1.09495, 9.09146
13, 2.75, 0.5, -6.23817, 0.955283, 8.75048
13, 3, 0.5, -6.12093, 0.754941, 8.89465
13, 3.25, 0.5, -6.08388, 0.569085, 8.94175
13, 3.5, 0.5, -6.19218, 0.394702, 8.79659
13, 3.75, 0.5, -6.30649, 0.21407, 8.65204
13, 4, 0.5, -6.19015, 0.0256684, 8.79589
13, 4.25, 0.5, -6.19061, -0.158796, 8.79583
13, 4.5, 0.5, -6.01086, -0.333295, 9.03873
13, 4.75, 0.5, -6.31046, -0.537945, 8.65237
13, 5, 0.5, -6.1578, -0.70842, 8.84551
13, 5.25, 0.5, -6.12291, -0.886855, 8.89538
13, 5.5, 0.5, -6.12769, -1.07014, 8.89637
13, 5.75, 0.5, -5.43408, -1.11093, 10.0014
13, 6, 0.5, -5.43573, -1.27324, 10.0037
13, 6.25, 0.5, -5.39928, -1.42559, 10.0812
13, 6.5, 0.5, -5.52812, -1.62433, 9.85312
13, 6.75, 0.5, -5.47666, -1.7724, 9.95863
13, 7, 0.5, -5.56895, -1.96821, 9.80653
13, 7.25, 0.5, -5.54633, -2.12549, 9.8608
13, 7.5, 0.5, -5.61036, -2.3172, 9.76179
13, 7.75, 0.5, -5.70718, -2.52725, 9.61279
13, 8, 0.5, -5.68224, -2.68553, 9.66757
13.25, 0, 0.5, -6.06587, 2.83273, 9.37516
13.25, 0.25, 0.5, -5.99279, 2.6252, 9.47027
13.25, 0.5, 0.5, -5.98586, 2.44896, 9.46723
13.25, 0.75, 0.5, -5.81818, 2.21201, 9.71703
13.25, 1, 0.5, -5.75139, 2.02019, 9.81599
13.25, 1.25, 0.5, -5.77589, 1.86167, 9.7622
13.25, 1.5, 0.5, -5.71121, 1.67557, 9.86244
13.25, 1.75, 0.5, -5.73754, 1.51727, 9.80748
13.25, 2, 0.5, -5.61748, 1.32298, 10.0118
13.25, 2.25, 0.5, -5.64044, 1.16517, 9.95877
13.25, 2.5, 0.5, -5.66596, 1.0065, 9.90558
13.25, 2.75, 0.5, -5.66499, 0.842408, 9.90382
13.25, 3, 0.5, -5.57587, 0.667815, 10.0581
13.25, 3.25, 0.5, -5.5601, 0.505042, 10.0811
13.25, 3.5, 0.5, -5.57418, 0.345029, 10.0559
13.25, 3.75, 0.5, -5.57368, 0.183721, 10.0559
13.25, 4, 0.5, -5.57157, 0.0224349, 10.0562
13.25, 4.25, 0.5, -5.57258, -0.138807, 10.0563
13.25, 4.5, 0.5, -5.57418, -0.300138, 10.0556
13.25, 4.75, 0.5, -5.5597, -0.460231, 10.081
13.25, 5, 0.5, -5.57573, -0.622895, 10.0583
13.25, 5.25, 0.5, -5.54989, -0.780597, 10.1108
13.25, 5.5, 0.5, -5.66701, -0.961049, 9.90474
13.25, 5.75, 0.5, -5.63961, -1.11959, 9.95872
13.25, 6, 0.5, -5.64284, -1.28351, 9.96001
13.25, 6.25, 0.5, -5.70696, -1.46323, 9.85857
13.25, 6.5, 0.5, -5.71126, -1.62959, 9.86037
13.25, 6.75, 0.5, -5.8372, -1.83442, 9.65922
13.25, 7, 0.5, -5.78159, -1.98424, 9.76374
13.25, 7.25, 0.5, -5.88022, -2.18823, 9.61427
13.25, 7.5, 0.5, -5.91726, -2.37324, 9.56746
13.25, 7.75, 0.5, -5.89242, -2.53378, 9.62185
13.25, 8, 0.5, -5.99793, -2.7527, 9.47316
13.5, 0, 0.5, -6.59804, 2.9946, 8.94039
13.5, 0.25, 0.5, -6.18222, 2.63202, 9.4797
13.5, 0.5, 0.5, -6.20927, 2.46892, 9.42622
13.5, 0.75, 0.5, -6.23855, 2.30513, 9.37201
13.5, 1, 0.5, -6.06372, 2.07, 9.62032
13.5, 1.25, 0.5, -6.12338, 1.91817, 9.51646
13.5, 1.5, 0.5, -5.98822, 1.70743, 9.71604
13.5, 1.75, 0.5, -6.04653, 1.55402, 9.61343
13.5, 2, 0.5, -5.94692, 1.36118, 9.76317
13.5, 2.25, 0.5, -5.9439, 1.19333, 9.76139
13.5, 2.5, 0.5, -5.87759, 1.01473, 9.86306
13.5, 2.75, 0.5, -5.87461, 0.849012, 9.86137
13.5, 3, 0.5, -5.87428, 0.68377, 9.85963
13.5, 3.25, 0.5, -5.901, 0.520933, 9.80813
13.5, 3.5, 0.5, -5.93015, 0.35674, 9.75646
13.5, 3.75, 0.5, -5.89879, 0.188969, 9.80701
13.5, 4, 0.5, -5.89816, 0.023082, 9.80699
13.5, 4.25, 0.5, -5.90006, -0.142831, 9.80608
13.5, 4.5, 0.5, -5.89935, -0.308714, 9.80732
13.5, 4.75, 0.5, -5.87021, -0.47227, 9.85905
13.5, 5, 0.5, -5.8418, -0.634266, 9.91135
13.5, 5.25, 0.5, -5.874, -0.80295, 9.86138
13.5, 5.5, 0.5, -5.87859, -0.968893, 9.86162
13.5, 5.75, 0.5, -6.00428, -1.15846, 9.65969
13.5, 6, 0.5, -5.94493, -1.31419, 9.76315
13.5, 6.25, 0.5, -5.91794, -1.47465, 9.81636
13.5, 6.5, 0.5, -6.01724, -1.66861, 9.66613
13.5, 6.75, 0.5, -6.08777, -1.85937, 9.56663
13.5, 7, 0.5, -6.15981, -2.05459, 9.46922
13.5, 7.25, 0.5, -6.20035, -2.24248, 9.42215
13.5, 7.5, 0.5, -6.24385, -2.4338, 9.3747
13.5, 7.75, 0.5, -6.39343, -2.6719, 9.18077
13.5, 8, 0.5, -6.18776, -2.75996, 9.48232
13.75, 0, 0.5, -6.36484, 2.80975, 9.51459
13.75, 0.25, 0.5, -6.55653, 2.71503, 9.23949
13.75, 0.5, 0.5, -6.66611, 2.57807, 9.08793
13.75, 0.75, 0.5, -6.57971, 2.36468, 9.18356
13.75, 1, 0.5, -6.57286, 2.18244, 9.18066
13.75, 1.25, 0.5, -6.38299, 1.9448, 9.42575
13.75, 1.5, 0.5, -6.41288, 1.7785, 9.37338
13.75, 1.75, 0.5, -6.27015, 1.56741, 9.57086
13.75, 2, 0.5, -6.26362, 1.39445, 9.56948
13.75, 2.25, 0.5, -6.29396, 1.22905, 9.51719
13.75, 2.5, 0.5, -6.19099, 1.0396, 9.66677
13.75, 2.75, 0.5, -6.22138, 0.874536, 9.61461
13.75, 3, 0.5, -6.25078, 0.707693, 9.56372
13.75, 3.25, 0.5, -6.21686, 0.533806, 9.61224
13.75, 3.5, 0.5, -6.0856, 0.356078, 9.81509
13.75, 3.75, 0.5, -6.14935, 0.191607, 9.71302
13.75, 4, 0.5, -6.14875, 0.0234045, 9.71242
13.75, 4.25, 0.5, -6.14864, -0.144777, 9.71264
13.75, 4.5, 0.5, -6.08572, -0.309756, 9.81528
13.75, 4.75, 0.5, -6.21691, -0.486482, 9.61226
13.75, 5, 0.5, -6.21676, -0.656515, 9.6137
13.75, 5.25, 0.5, -6.22073, -0.827087, 9.61424
13.75, 5.5, 0.5, -6.18865, -0.992098, 9.66674
13.75, 5.75, 0.5, -6.29275, -1.18091, 9.51691
13.75, 6, 0.5, -6.26426, -1.34691, 9.56832
13.75, 6.25, 0.5, -6.26864, -1.51931, 9.57026
13.75, 6.5, 0.5, -6.3758, -1.71968, 9.4226
13.75, 6.75, 0.5, -6.41854, -1.90677, 9.37447
13.75, 7, 0.5, -6.45902, -2.09547, 9.32813
13.75, 7.25, 0.5, -6.32503, -2.225, 9.53014
13.75, 7.5, 0.5, -6.62366, -2.51123, 9.13707
13.75, 7.75, 0.5, -6.59257, -2.67977, 9.18924
13.75, 8, 0.5, -6.52646, -2.83141, 9.29095
14, 0, 0.5, -5.76143, 2.47565, 10.8763
14, 0.25, 0.5, -5.78259, 2.33079, 10.8179
14, 0.5, 0.5, -6.69026, 2.51852, 9.31668
14, 0.75, 0.5, -6.78129, 2.37224, 9.19156
14, 1, 0.5, -6.81424, 2.20235, 9.13942
14, 1.25, 0.5, -6.76853, 2.00736, 9.18582
14, 1.5, 0.5, -6.6473, 1.79443, 9.33169
14, 1.75, 0.5, -6.53026, 1.58897, 9.48028
14, 2, 0.5, -6.6378, 1.43841, 9.32739
14, 2.25, 0.5, -6.63354, 1.26087, 9.3256
14, 2.5, 0.5, -6.51981, 1.06567, 9.47369
14, 2.75, 0.5, -6.5894, 0.901607, 9.37201
14, 3, 0.5, -6.55056, 0.721887, 9.42113
14, 3.25, 0.5, -6.54838, 0.547301, 9.42037
14, 3.5, 0.5, -6.58364, 0.374963, 9.36989
14, 3.75, 0.5, -6.40301, 0.1942, 9.62106
14, 4, 0.5, -6.36815, 0.0235943, 9.67153
14, 4.25, 0.5, -6.4047, -0.146791, 9.62021
14, 4.5, 0.5, -6.40327, -0.317241, 9.62129
14, 4.75, 0.5, -6.54751, -0.498711, 9.41998
14, 5, 0.5, -6.51179, -0.669363, 9.47165
14, 5.25, 0.5, -6.55227, -0.847973, 9.42186
14, 5.5, 0.5, -6.62745, -1.03415, 9.32469
14, 5.75, 0.5, -6.59542, -1.20475, 9.37484
14, 6, 0.5, -6.63652, -1.38896, 9.32664
14, 6.25, 0.5, -6.71529, -1.58423, 9.23039
14, 6.5, 0.5, -6.72219, -1.76483, 9.2321
14, 6.75, 0.5, -6.80583, -1.96799, 9.13575
14, 7, 0.5, -6.77111, -2.13823, 9.18859
14, 7.25, 0.5, -6.70099, -2.29449, 9.29016
14, 7.5, 0.5, -6.54161, -2.41409, 9.51431
14, 7.75, 0.5, -5.77919, -2.2866, 10.8176
14, 8, 0.5, -5.7856, -2.44317, 10.8211
14.25, 0, 0.5, -6.09813, 2.55238, 10.5632
14.25, 0.25, 0.5, -6.00694, 2.35843, 10.7195
14.25, 0.5, 0.5, -6.02656, 2.20984, 10.6634
14.25, 0.75, 0.5, -5.91228, 2.01461, 10.8746
14.25, 1, 0.5, -5.93565, 1.86863, 10.8172
14.25, 1.25, 0.5, -6.87011, 1.98465, 9.31558
14.25, 1.5, 0.5, -6.96192, 1.83062, 9.19313
14.25, 1.75, 0.5, -6.91686, 1.63939, 9.24048
14.25, 2, 0.5, -6.95193, 1.46741, 9.18883
14.25, 2.25, 0.5, -7.07109, 1.30919, 9.03999
14.25, 2.5, 0.5, -7.15266, 1.13879, 8.94121
14.25, 2.75, 0.5, -6.82253, 0.909295, 9.33244
14.25, 3, 0.5, -6.93812, 0.744769, 9.18286
14.25, 3.25, 0.5, -6.93786, 0.564815, 9.18153
14.25, 3.5, 0.5, -6.89644, 0.382592, 9.23019
14.25, 3.75, 0.5, -6.9354, 0.204891, 9.18043
14.25, 4, 0.5, -6.93316, 0.0250215, 9.18106
14.25, 4.25, 0.5, -6.93397, -0.1548, 9.1813
14.25, 4.5, 0.5, -6.89638, -0.332811, 9.22979
14.25, 4.75, 0.5, -6.81929, -0.505941, 9.32957
14.25, 5, 0.5, -6.67111, -0.667955, 9.53002
14.25, 5.25, 0.5, -6.98247, -0.880213, 9.13386
14.25, 5.5, 0.5, -6.98338, -1.06143, 9.13586
14.25, 5.75, 0.5, -6.90655, -1.22887, 9.23586
14.25, 6, 0.5, -6.95055, -1.41695, 9.18825
14.25, 6.25, 0.5, -6.95509, -1.59825, 9.1903
14.25, 6.5, 0.5, -7.00297, -1.79087, 9.14245
14.25, 6.75, 0.5, -6.83004, -1.92377, 9.36489
14.25, 7, 0.5, -5.98665, -1.84148, 10.7102
14.25, 7.25, 0.5, -5.93927, -1.98093, 10.819
14.25, 7.5, 0.5, -6.02505, -2.1658, 10.6625
14.25, 7.75, 0.5, -6.0052, -2.3144, 10.7185
14.25, 8, 0.5, -6.0943, -2.50679, 10.5628
14.5, 0, 0.5, -6.30068, 2.57049, 10.5199
14.5, 0.25, 0.5, -6.29419, 2.40874, 10.5166
14.5, 0.5, 0.5, -6.23052, 2.22688, 10.6184
14.5, 0.75, 0.5, -6.25208, 2.07654, 10.5628
14.5, 1, 0.5, -6.16011, 1.89028, 10.7195
14.5, 1.25, 0.5, -6.18541, 1.74168, 10.663
14.5, 1.5, 0.5, -6.0672, 1.55503, 10.8754
14.5, 1.75, 0.5, -6.0907, 1.40709, 10.8194
14.5, 2, 0.5, -6.08708, 1.25238, 10.818
14.5, 2.25, 0.5, -6.97093, 1.25802, 9.41603
14.5, 2.5, 0.5, -6.88847, 1.069, 9.51533
14.5, 2.75, 0.5, -7.14448, 0.928134, 9.19226
14.5, 3, 0.5, -6.96177, 0.728416, 9.41205
14.5, 3.25, 0.5, -6.95767, 0.552109, 9.41194
14.5, 3.5, 0.5, -7.01588, 0.379379, 9.33841
14.5, 3.75, 0.5, -7.09499, 0.204308, 9.2401
14.5, 4, 0.5, -7.13578, 0.0251018, 9.19064
14.5, 4.25, 0.5, -7.09477, -0.154386, 9.23949
14.5, 4.5, 0.5, -7.0972, -0.333844, 9.23914
14.5, 4.75, 0.5, -6.8822, -0.497701, 9.51128
14.5, 5, 0.5, -7.10045, -0.692972, 9.24043
14.5, 5.25, 0.5, -6.88481, -0.845963, 9.51357
14.5, 5.5, 0.5, -6.96614, -1.03205, 9.41432
14.5, 5.75, 0.5, -7.00901, -1.21558, 9.36574
14.5, 6, 0.5, -6.14339, -1.22074, 10.7093
14.5, 6.25, 0.5, -6.0896, -1.36399, 10.8194
14.5, 6.5, 0.5, -6.06594, -1.51203, 10.8749
14.5, 6.75, 0.5, -6.18417, -1.69782, 10.6622
14.5, 7, 0.5, -6.16053, -1.84706, 10.7182
14.5, 7.25, 0.5, -6.10993, -1.98634, 10.8281
14.5, 7.5, 0.5, -6.28659, -2.20269, 10.5123
14.5, 7.75, 0.5, -6.26435, -2.35325, 10.5677
14.5, 8, 0.5, -6.32891, -2.53748, 10.466
14.75, 0, 0.5, -6.70323, 2.6673, 10.1623
14.75, 0.25, 0.5, -6.597, 2.46238, 10.315
14.75, 0.5, 0.5, -6.65765, 2.32087, 10.2063
14.75, 0.75, 0.5, -6.49128, 2.10283, 10.4653
14.75, 1, 0.5, -6.45492, 1.93191, 10.5153
14.75, 1.25, 0.5, -6.3873, 1.75419, 10.6194
14.75, 1.5, 0.5, -6.41441, 1.60349, 10.5633
14.75, 1.75, 0.5, -6.2904, 1.41739, 10.7749
14.75, 2, 0.5, -6.31752, 1.26775, 10.7189
14.75, 2.25, 0.5, -6.31209, 1.11103, 10.7178
14.75, 2.5, 0.5, -6.33852, 0.959407, 10.6633
14.75, 2.75, 0.5, -6.22345, 0.788551, 10.8754
14.75, 3, 0.5, -6.24944, 0.637763, 10.8205
14.75, 3.25, 0.5, -6.24596, 0.483413, 10.8203
14.75, 3.5, 0.5, -6.24681, 0.329464, 10.819
14.75, 3.75, 0.5, -6.24426, 0.175377, 10.8196
14.75, 4, 0.5, -6.24362, 0.0214219, 10.8193
14.75, 4.25, 0.5, -6.24503, -0.132545, 10.8191
14.75, 4.5, 0.5, -6.24455, -0.286495, 10.8194
14.75, 4.75, 0.5, -6.24778, -0.440682, 10.8195
14.75, 5, 0.5, -6.22092, -0.592165, 10.874
14.75, 5.25, 0.5, -6.22299, -0.745791, 10.875
14.75, 5.5, 0.5, -6.33951, -0.916055, 10.6619
14.75, 5.75, 0.5, -6.3702, -1.07755, 10.6111
14.75, 6, 0.5, -6.3145, -1.22381, 10.7191
14.75, 6.25, 0.5, -6.32038, -1.38078, 10.7201
14.75, 6.5, 0.5, -6.41111, -1.55867, 10.5635
14.75, 6.75, 0.5, -6.38568, -1.70992, 10.6188
14.75, 7, 0.5, -6.42086, -1.87765, 10.5683
14.75, 7.25, 0.5, -6.4894, -2.05769, 10.4646
14.75, 7.5, 0.5, -6.46263, -2.20854, 10.5212
14.75, 7.75, 0.5, -6.56468, -2.40527, 10.3652
14.75, 8, 0.5, -6.66974, -2.6082, 10.2125
15, 0, 0.5, -7.10417, 2.75882, 9.86342
15, 0.25, 0.5, -6.91532, 2.51909, 10.1162
15, 0.5, 0.5, -6.8068, 2.31577, 10.2683
15, 0.75, 0.5, -6.90178, 2.18201, 10.1099
15, 1, 0.5, -6.75957, 1.97441, 10.3152
15, 1.25, 0.5, -6.78783, 1.81933, 10.2601
15, 1.5, 0.5, -6.62253, 1.61568, 10.5196
15, 1.75, 0.5, -6.64965, 1.46229, 10.4647
15, 2, 0.5, -6.61401, 1.29531, 10.5154
15, 2.25, 0.5, -6.54885, 1.12497, 10.6198
15, 2.5, 0.5, -6.54549, 0.966896, 10.6184
15, 2.75, 0.5, -6.6046, 0.816709, 10.5107
15, 3, 0.5, -6.56966, 0.65431, 10.5636
15, 3.25, 0.5, -6.5697, 0.496235, 10.5617
15, 3.5, 0.5, -6.44647, 0.331813, 10.7751
15, 3.75, 0.5, -6.44547, 0.176672, 10.7749
15, 4, 0.5, -6.47677, 0.0216871, 10.7208
15, 4.25, 0.5, -6.47497, -0.134119, 10.7215
15, 4.5, 0.5, -6.41701, -0.287323, 10.8287
15, 4.75, 0.5, -6.56951, -0.452225, 10.5615
15, 5, 0.5, -6.56945, -0.610294, 10.5633
15, 5.25, 0.5, -6.57099, -0.768548, 10.5643
15, 5.5, 0.5, -6.54503, -0.922997, 10.6179
15, 5.75, 0.5, -6.54704, -1.08081, 10.6193
15, 6, 0.5, -6.51907, -1.23306, 10.6752
15, 6.25, 0.5, -6.64672, -1.41713, 10.4651
15, 6.5, 0.5, -6.58841, -1.56323, 10.5723
15, 6.75, 0.5, -6.8218, -1.78275, 10.2062
15, 7, 0.5, -6.7272, -1.9199, 10.3657
15, 7.25, 0.5, -6.83162, -2.11408, 10.213
15, 7.5, 0.5, -6.73884, -2.24752, 10.3717
15, 7.75, 0.5, -6.91494, -2.47264, 10.1144
15, 8, 0.5, -6.95769, -2.65534, 10.0663
15.25, 0, 0.5, -7.4556, 2.82726, 9.66827
15.25, 0.25, 0.5, -7.40591, 2.63441, 9.71637
15.25, 0.5, 0.5, -7.28227, 2.41932, 9.86446
15.25, 0.75, 0.5, -7.08803, 2.18824, 10.1194
15.25, 1, 0.5, -7.11834, 2.03035, 10.0649
15.25, 1.25, 0.5, -7.00583, 1.83364, 10.2176
15.25, 1.5, 0.5, -6.89994, 1.6438, 10.3711
15.25, 1.75, 0.5, -6.9979, 1.50271, 10.2122
15.25, 2, 0.5, -6.92298, 1.32396, 10.3153
15.25, 2.25, 0.5, -6.88756, 1.15535, 10.3648
15.25, 2.5, 0.5, -6.91657, 0.997705, 10.3121
15.25, 2.75, 0.5, -6.783, 0.819061, 10.5208
15.25, 3, 0.5, -6.78126, 0.659515, 10.5195
15.25, 3.25, 0.5, -6.84462, 0.504853, 10.4132
15.25, 3.5, 0.5, -6.84158, 0.343876, 10.4134
15.25, 3.75, 0.5, -6.84078, 0.183102, 10.4129
15.25, 4, 0.5, -6.80769, 0.0222596, 10.4654
15.25, 4.25, 0.5, -6.84262, -0.138404, 10.4122
15.25, 4.5, 0.5, -6.84321, -0.299207, 10.4125
15.25, 4.75, 0.5, -6.77942, -0.45571, 10.5184
15.25, 5, 0.5, -6.74669, -0.612033, 10.5727
15.25, 5.25, 0.5, -6.78271, -0.77467, 10.5202
15.25, 5.5, 0.5, -6.98635, -0.962084, 10.2068
15.25, 5.75, 0.5, -6.88468, -1.10985, 10.3656
15.25, 6, 0.5, -6.92399, -1.27887, 10.3141
15.25, 6.25, 0.5, -6.99499, -1.45635, 10.2129
15.25, 6.5, 0.5, -7.03461, -1.62988, 10.1627
15.25, 6.75, 0.5, -6.97138, -1.77904, 10.2683
15.25, 7, 0.5, -7.08058, -1.97327, 10.1155
15.25, 7.25, 0.5, -7.16095, -2.16393, 10.0145
15.25, 7.5, 0.5, -7.13098, -2.32242, 10.069
15.25, 7.75, 0.5, -7.21162, -2.51813, 9.9694
15.25, 8, 0.5, -7.45346, -2.77771, 9.66726
15.5, 0, 0.5, -7.40953, 2.74529, 9.98424
15.5, 0.25, 0.5, -7.60305, 2.64244, 9.72491
15.5, 0.5, 0.5, -7.59593, 2.46559, 9.7221
15.5, 0.75, 0.5, -7.62876, 2.30111, 9.66932
15.5, 1, 0.5, -7.58086, 2.11263, 9.71699
15.5, 1.25, 0.5, -7.33841, 1.87659, 10.0206
15.5, 1.5, 0.5, -7.15193, 1.66472, 10.2762
15.5, 1.75, 0.5, -7.29264, 1.53005, 10.0665
15.5, 2, 0.5, -7.28682, 1.36155, 10.0652
15.5, 2.25, 0.5, -7.24812, 1.18792, 10.1145
15.5, 2.5, 0.5, -7.17237, 1.01085, 10.2167
15.5, 2.75, 0.5, -7.13392, 0.84166, 10.2676
15.5, 3, 0.5, -7.12983, 0.677497, 10.2674
15.5, 3.25, 0.5, -7.16495, 0.516348, 10.2134
15.5, 3.5, 0.5, -7.19824, 0.353497, 10.1619
15.5, 3.75, 0.5, -7.19929, 0.188274, 10.1609
15.5, 4, 0.5, -7.19719, 0.0229929, 10.1614
15.5, 4.25, 0.5, -7.19723, -0.142234, 10.1614
15.5, 4.5, 0.5, -7.19815, -0.307501, 10.1622
15.5, 4.75, 0.5, -7.19891, -0.472799, 10.1623
15.5, 5, 0.5, -7.20276, -0.638406, 10.1622
15.5, 5.25, 0.5, -7.09819, -0.792091, 10.3195
15.5, 5.5, 0.5, -7.28087, -0.979623, 10.0609
15.5, 5.75, 0.5, -7.24699, -1.14143, 10.1139
15.5, 6, 0.5, -7.28753, -1.31512, 10.0637
15.5, 6.25, 0.5, -7.36518, -1.49822, 9.96398
15.5, 6.5, 0.5, -7.22045, -1.63454, 10.1724
15.5, 6.75, 0.5, -7.41381, -1.84851, 9.91703
15.5, 7, 0.5, -7.53985, -2.05302, 9.76577
15.5, 7.25, 0.5, -7.62672, -2.25177, 9.66872
15.5, 7.5, 0.5, -7.59387, -2.4164, 9.72073
15.5, 7.75, 0.5, -7.6013, -2.59327, 9.72424
15.5, 8, 0.5, -7.52552, -2.74018, 9.83009
15.75, 0, 0.5, -6.70886, 2.4299, 11.4002
15.75, 0.25, 0.5, -6.59143, 2.23944, 11.6181
15.75, 0.5, 0.5, -6.6131, 2.0984, 11.5593
15.75, 0.75, 0.5, -7.58173, 2.2356, 9.98321
15.75, 1, 0.5, -7.77913, 2.11923, 9.72568
15.75, 1.25, 0.5, -7.77167, 1.94279, 9.72439
15.75, 1.5, 0.5, -7.81009, 1.77712, 9.6702
15.75, 1.75, 0.5, -7.72147, 1.58367, 9.76933
15.75, 2, 0.5, -7.63519, 1.39463, 9.86925
15.75, 2.25, 0.5, -7.62954, 1.22237, 9.86847
15.75, 2.5, 0.5, -7.58776, 1.0454, 9.91715
15.75, 2.75, 0.5, -7.50442, 0.865502, 10.0194
15.75, 3, 0.5, -7.42795, 0.689986, 10.1205
15.75, 3.25, 0.5, -7.42417, 0.523022, 10.1205
15.75, 3.5, 0.5, -7.54016, 0.361978, 9.96473
15.75, 3.75, 0.5, -7.57684, 0.193701, 9.91397
15.75, 4, 0.5, -7.57615, 0.0236604, 9.91376
15.75, 4.25, 0.5, -7.57845, -0.146407, 9.91303
15.75, 4.5, 0.5, -7.5396, -0.314859, 9.96447
15.75, 4.75, 0.5, -7.38623, -0.474215, 10.172
15.75, 5, 0.5, -7.31611, -0.6339, 10.2761
15.75, 5.25, 0.5, -7.50452, -0.81864, 10.0191
15.75, 5.5, 0.5, -7.58683, -0.997881, 9.91673
15.75, 5.75, 0.5, -7.50952, -1.15624, 10.0216
15.75, 6, 0.5, -7.7143, -1.36089, 9.76754
15.75, 6.25, 0.5, -7.80242, -1.55154, 9.66871
15.75, 6.5, 0.5, -7.60276, -1.68246, 9.92388
15.75, 6.75, 0.5, -7.72836, -1.88369, 9.77429
15.75, 7, 0.5, -7.61173, -2.02608, 9.9296
15.75, 7.25, 0.5, -7.38882, -2.13257, 10.2406
15.75, 7.5, 0.5, -7.54705, -2.34761, 10.0369
15.75, 7.75, 0.5, -6.61708, -2.20683, 11.5617
15.75, 8, 0.5, -6.70912, -2.38809, 11.3984
16, 0, 0.5, -6.96845, 2.46852, 11.2451
16, 0.25, 0.5, -6.93233, 2.30357, 11.296
16, 0.5, 0.5, -6.83804, 2.12215, 11.458
16, 0.75, 0.5, -6.85957, 1.97826, 11.4005
16, 1, 0.5, -6.74319, 1.79669, 11.6182
16, 1.25, 0.5, -6.76621, 1.65431, 11.5597
16, 1.5, 0.5, -7.63589, 1.69935, 10.1412
16, 1.75, 0.5, -7.63164, 1.53089, 10.1392
16, 2, 0.5, -7.82769, 1.39841, 9.88011
16, 2.25, 0.5, -7.95252, 1.24615, 9.7254
16, 2.5, 0.5, -7.90635, 1.06538, 9.77438
16, 2.75, 0.5, -7.98964, 0.901238, 9.67203
16, 3, 0.5, -7.94163, 0.721509, 9.72232
16, 3.25, 0.5, -7.69378, 0.530119, 10.0267
16, 3.5, 0.5, -7.73061, 0.362976, 9.97592
16, 3.75, 0.5, -8.0693, 0.201763, 9.56959
16, 4, 0.5, -7.85248, 0.0239851, 9.82228
16, 4.25, 0.5, -8.07098, -0.1525, 9.56873
16, 4.5, 0.5, -7.81336, -0.31913, 9.87233
16, 4.75, 0.5, -7.85439, -0.493203, 9.82277
16, 5, 0.5, -7.9432, -0.673128, 9.72112
16, 5.25, 0.5, -8.0772, -0.861771, 9.57126
16, 5.5, 0.5, -7.90547, -1.01697, 9.77405
16, 5.75, 0.5, -8.03707, -1.21031, 9.62476
16, 6, 0.5, -7.95539, -1.37262, 9.72655
16, 6.25, 0.5, -7.67004, -1.49174, 10.0861
16, 6.5, 0.5, -7.79518, -1.68717, 9.93403
16, 6.75, 0.5, -6.7651, -1.61272, 11.5589
16, 7, 0.5, -6.74205, -1.7552, 11.6173
16, 7.25, 0.5, -6.85819, -1.93597, 11.3996
16, 7.5, 0.5, -6.83699, -2.08005, 11.4568
16, 7.75, 0.5, -6.78378, -2.21276, 11.5716
16, 8, 0.5, -6.93669, -2.4149, 11.2986
16.25, 0, 0.5, -7.14027, 2.47506, 11.2548
16.25, 0.25, 0.5, -7.16362, 2.3293, 11.1981
16.25, 0.5, 0.5, -7.06696, 2.14609, 11.3575
16.25, 0.75, 0.5, -7.12252, 2.00998, 11.2454
16.25, 1, 0.5, -7.08656, 1.84763, 11.2971
16.25, 1.25, 0.5, -7.02155, 1.67987, 11.4044
16.25, 1.5, 0.5, -6.98513, 1.52113, 11.4581
16.25, 1.75, 0.5, -7.01099, 1.37618, 11.4007
16.25, 2, 0.5, -7.0072, 1.22494, 11.399
16.25, 2.25, 0.5, -6.89022, 1.0565, 11.6177
16.25, 2.5, 0.5, -6.91605, 0.911923, 11.5602
16.25, 2.75, 0.5, -6.91401, 0.763156, 11.5593
16.25, 3, 0.5, -6.90993, 0.614295, 11.5592
16.25, 3.25, 0.5, -7.88585, 0.531683, 10.0369
16.25, 3.5, 0.5, -7.96681, 0.366032, 9.93346
16.25, 3.75, 0.5, -8.00644, 0.195891, 9.88331
16.25, 4, 0.5, -8.00816, 0.0239352, 9.88222
16.25, 4.25, 0.5, -8.00657, -0.148033, 9.88355
16.25, 4.5, 0.5, -8.00725, -0.320024, 9.88386
16.25, 4.75, 0.5, -7.88534, -0.484512, 10.0367
16.25, 5, 0.5, -6.91138, -0.57311, 11.5583
16.25, 5.25, 0.5, -6.91112, -0.721523, 11.5597
16.25, 5.5, 0.5, -6.91536, -0.870493, 11.5602
16.25, 5.75, 0.5, -6.88739, -1.0149, 11.618
16.25, 6, 0.5, -6.89044, -1.16334, 11.6195
16.25, 6.25, 0.5, -7.00993, -1.33407, 11.4
16.25, 6.5, 0.5, -6.9861, -1.47958, 11.4567
16.25, 6.75, 0.5, -6.99064, -1.63069, 11.4588
16.25, 7, 0.5, -7.08497, -1.80486, 11.2961
16.25, 7.25, 0.5, -7.08795, -1.95786, 11.3001
16.25, 7.5, 0.5, -7.06515, -2.1033, 11.3564
16.25, 7.75, 0.5, -7.19511, -2.29653, 11.1418
16.25, 8, 0.5, -7.20154, -2.45325, 11.1449
16.5, 0, 0.5, -7.4776, 2.53749, 10.9941
16.5, 0.25, 0.5, -7.5378, 2.39943, 10.8843
16.5, 0.5, 0.5, -7.46294, 2.21868, 10.9883
16.5, 0.75, 0.5, -7.39002, 2.04162, 11.0933
16.5, 1, 0.5, -7.32181, 1.86883, 11.1982
16.5, 1.25, 0.5, -7.31681, 1.71371, 11.1959
16.5, 1.5, 0.5, -7.21803, 1.5388, 11.3574
16.5, 1.75, 0.5, -7.24325, 1.39188, 11.3015
16.5, 2, 0.5, -7.23904, 1.23886, 11.2994
16.5, 2.25, 0.5, -7.23607, 1.0862, 11.2977
16.5, 2.5, 0.5, -7.08403, 0.914431, 11.5708
16.5, 2.75, 0.5, -7.13908, 0.771429, 11.4598
16.5, 3, 0.5, -7.13687, 0.621129, 11.4588
16.5, 3.25, 0.5, -7.13754, 0.471112, 11.4574
16.5, 3.5, 0.5, -7.13419, 0.320885, 11.4575
16.5, 3.75, 0.5, -7.13587, 0.17092, 11.4565
16.5, 4, 0.5, -7.13578, 0.0208794, 11.4562
16.5, 4.25, 0.5, -7.13385, -0.129124, 11.457
16.5, 4.5, 0.5, -7.13442, -0.279145, 11.4574
16.5, 4.75, 0.5, -7.1352, -0.429202, 11.4579
16.5, 5, 0.5, -7.13686, -0.579363, 11.4589
16.5, 5.25, 0.5, -7.14074, -0.729821, 11.4586
16.5, 5.5, 0.5, -7.08133, -0.872643, 11.5712
16.5, 5.75, 0.5, -7.20432, -1.03928, 11.3526
16.5, 6, 0.5, -7.23938, -1.19655, 11.2989
16.5, 6.25, 0.5, -7.2755, -1.3555, 11.2454
16.5, 6.5, 0.5, -7.21661, -1.49627, 11.3567
16.5, 6.75, 0.5, -7.38047, -1.68542, 11.0866
16.5, 7, 0.5, -7.3184, -1.82513, 11.1989
16.5, 7.25, 0.5, -7.29349, -1.97227, 11.2547
16.5, 7.5, 0.5, -7.42937, -2.16523, 11.0405
16.5, 7.75, 0.5, -7.40254, -2.31305, 11.0976
16.5, 8, 0.5, -7.50785, -2.50382, 10.9401
